bear\on_snow\32.jpg,bear,on_snow,animal
bear\on_snow\72.jpg,bear,on_snow,animal
cat\on_snow\63.jpg,cat,on_snow,animal
cat\on_snow\97.jpg,cat,on_snow,animal
cow\on_snow\51.jpg,cow,on_snow,animal
cow\on_snow\67.jpeg,cow,on_snow,animal
cow\on_snow\89.jpg,cow,on_snow,animal
dog\on_snow\159.jpg,dog,on_snow,animal
dog\on_snow\182.jpg,dog,on_snow,animal
dog\on_snow\187.jpg,dog,on_snow,animal
dog\on_snow\8.jpg,dog,on_snow,animal
horse\on_snow\3.jpg,horse,on_snow,animal
horse\on_snow\47.jpg,horse,on_snow,animal
horse\on_snow\9.jpg,horse,on_snow,animal
monkey\on_snow\36.jpg,monkey,on_snow,animal
monkey\on_snow\4.jpg,monkey,on_snow,animal
monkey\on_snow\70.jpeg,monkey,on_snow,animal
rat\on_snow\2.jpg,rat,on_snow,animal
sheep\on_snow\57.jpg,sheep,on_snow,animal
sheep\on_snow\78.jpg,sheep,on_snow,animal
bicycle\on_snow\100.jpg,bicycle,on_snow,vehicle
bicycle\on_snow\102.jpg,bicycle,on_snow,vehicle
bicycle\on_snow\103.jpg,bicycle,on_snow,vehicle
bicycle\on_snow\104.jpg,bicycle,on_snow,vehicle
bicycle\on_snow\106.png,bicycle,on_snow,vehicle
bicycle\on_snow\107.jpg,bicycle,on_snow,vehicle
bicycle\on_snow\111.jpg,bicycle,on_snow,vehicle
bicycle\on_snow\115.jpg,bicycle,on_snow,vehicle
bicycle\on_snow\119.jpg,bicycle,on_snow,vehicle
bicycle\on_snow\12.jpeg,bicycle,on_snow,vehicle
bicycle\on_snow\120.jpg,bicycle,on_snow,vehicle
bicycle\on_snow\121.jpg,bicycle,on_snow,vehicle
bicycle\on_snow\128.jpg,bicycle,on_snow,vehicle
bicycle\on_snow\131.jpg,bicycle,on_snow,vehicle
bicycle\on_snow\136.jpg,bicycle,on_snow,vehicle
bicycle\on_snow\142.jpg,bicycle,on_snow,vehicle
bicycle\on_snow\145.jpg,bicycle,on_snow,vehicle
bicycle\on_snow\148.jpg,bicycle,on_snow,vehicle
bicycle\on_snow\150.jpg,bicycle,on_snow,vehicle
bicycle\on_snow\154.jpg,bicycle,on_snow,vehicle
bicycle\on_snow\160.jpg,bicycle,on_snow,vehicle
bicycle\on_snow\164.jpg,bicycle,on_snow,vehicle
bicycle\on_snow\165.jpg,bicycle,on_snow,vehicle
bicycle\on_snow\167.jpg,bicycle,on_snow,vehicle
bicycle\on_snow\17.jpg,bicycle,on_snow,vehicle
bicycle\on_snow\19.jpg,bicycle,on_snow,vehicle
bicycle\on_snow\24.jpg,bicycle,on_snow,vehicle
bicycle\on_snow\26.jpg,bicycle,on_snow,vehicle
bicycle\on_snow\28.jpg,bicycle,on_snow,vehicle
bicycle\on_snow\29.jpg,bicycle,on_snow,vehicle
bicycle\on_snow\3.png,bicycle,on_snow,vehicle
bicycle\on_snow\34.jpg,bicycle,on_snow,vehicle
bicycle\on_snow\35.jpg,bicycle,on_snow,vehicle
bicycle\on_snow\42.jpg,bicycle,on_snow,vehicle
bicycle\on_snow\43.jpg,bicycle,on_snow,vehicle
bicycle\on_snow\44.jpg,bicycle,on_snow,vehicle
bicycle\on_snow\47.jpg,bicycle,on_snow,vehicle
bicycle\on_snow\5.jpg,bicycle,on_snow,vehicle
bicycle\on_snow\6.jpg,bicycle,on_snow,vehicle
bicycle\on_snow\60.jpg,bicycle,on_snow,vehicle
bicycle\on_snow\65.jpg,bicycle,on_snow,vehicle
bicycle\on_snow\67.jpg,bicycle,on_snow,vehicle
bicycle\on_snow\69.jpg,bicycle,on_snow,vehicle
bicycle\on_snow\70.png,bicycle,on_snow,vehicle
bicycle\on_snow\72.jpg,bicycle,on_snow,vehicle
bicycle\on_snow\74.jpg,bicycle,on_snow,vehicle
bicycle\on_snow\75.jpg,bicycle,on_snow,vehicle
bicycle\on_snow\77.jpg,bicycle,on_snow,vehicle
bicycle\on_snow\78.jpg,bicycle,on_snow,vehicle
bicycle\on_snow\8.jpg,bicycle,on_snow,vehicle
bicycle\on_snow\82.jpg,bicycle,on_snow,vehicle
bicycle\on_snow\88.jpg,bicycle,on_snow,vehicle
bicycle\on_snow\90.jpg,bicycle,on_snow,vehicle
bicycle\on_snow\91.jpg,bicycle,on_snow,vehicle
bicycle\on_snow\93.jpg,bicycle,on_snow,vehicle
bicycle\on_snow\94.jpg,bicycle,on_snow,vehicle
bicycle\on_snow\97.jpg,bicycle,on_snow,vehicle
bus\on_snow\0.jpg,bus,on_snow,vehicle
bus\on_snow\10.jpg,bus,on_snow,vehicle
bus\on_snow\101.png,bus,on_snow,vehicle
bus\on_snow\102.jpg,bus,on_snow,vehicle
bus\on_snow\108.jpg,bus,on_snow,vehicle
bus\on_snow\109.jpg,bus,on_snow,vehicle
bus\on_snow\11.jpg,bus,on_snow,vehicle
bus\on_snow\110.jpg,bus,on_snow,vehicle
bus\on_snow\111.jpg,bus,on_snow,vehicle
bus\on_snow\113.jpg,bus,on_snow,vehicle
bus\on_snow\118.jpg,bus,on_snow,vehicle
bus\on_snow\119.jpg,bus,on_snow,vehicle
bus\on_snow\12.png,bus,on_snow,vehicle
bus\on_snow\121.jpg,bus,on_snow,vehicle
bus\on_snow\122.jpg,bus,on_snow,vehicle
bus\on_snow\15.jpg,bus,on_snow,vehicle
bus\on_snow\17.jpg,bus,on_snow,vehicle
bus\on_snow\18.jpg,bus,on_snow,vehicle
bus\on_snow\19.jpg,bus,on_snow,vehicle
bus\on_snow\20.jpg,bus,on_snow,vehicle
bus\on_snow\24.jpg,bus,on_snow,vehicle
bus\on_snow\25.jpg,bus,on_snow,vehicle
bus\on_snow\3.jpg,bus,on_snow,vehicle
bus\on_snow\32.jpg,bus,on_snow,vehicle
bus\on_snow\36.jpg,bus,on_snow,vehicle
bus\on_snow\37.jpg,bus,on_snow,vehicle
bus\on_snow\40.jpg,bus,on_snow,vehicle
bus\on_snow\41.png,bus,on_snow,vehicle
bus\on_snow\42.jpg,bus,on_snow,vehicle
bus\on_snow\43.jpg,bus,on_snow,vehicle
bus\on_snow\45.jpg,bus,on_snow,vehicle
bus\on_snow\46.jpg,bus,on_snow,vehicle
bus\on_snow\5.jpg,bus,on_snow,vehicle
bus\on_snow\50.jpg,bus,on_snow,vehicle
bus\on_snow\55.jpg,bus,on_snow,vehicle
bus\on_snow\57.jpg,bus,on_snow,vehicle
bus\on_snow\58.jpg,bus,on_snow,vehicle
bus\on_snow\59.jpg,bus,on_snow,vehicle
bus\on_snow\61.jpg,bus,on_snow,vehicle
bus\on_snow\62.jpg,bus,on_snow,vehicle
bus\on_snow\65.jpg,bus,on_snow,vehicle
bus\on_snow\68.jpg,bus,on_snow,vehicle
bus\on_snow\71.jpg,bus,on_snow,vehicle
bus\on_snow\74.jpg,bus,on_snow,vehicle
bus\on_snow\79.jpg,bus,on_snow,vehicle
bus\on_snow\80.jpg,bus,on_snow,vehicle
bus\on_snow\81.jpg,bus,on_snow,vehicle
bus\on_snow\84.jpg,bus,on_snow,vehicle
bus\on_snow\89.jpg,bus,on_snow,vehicle
bus\on_snow\98.jpg,bus,on_snow,vehicle
car\on_snow\1.jpg,car,on_snow,vehicle
car\on_snow\103.jpg,car,on_snow,vehicle
car\on_snow\105.jpg,car,on_snow,vehicle
car\on_snow\11.jpg,car,on_snow,vehicle
car\on_snow\111.jpg,car,on_snow,vehicle
car\on_snow\116.jpg,car,on_snow,vehicle
car\on_snow\119.jpg,car,on_snow,vehicle
car\on_snow\125.jpg,car,on_snow,vehicle
car\on_snow\126.jpg,car,on_snow,vehicle
car\on_snow\129.jpg,car,on_snow,vehicle
car\on_snow\13.jpg,car,on_snow,vehicle
car\on_snow\131.jpg,car,on_snow,vehicle
car\on_snow\132.jpg,car,on_snow,vehicle
car\on_snow\133.jpg,car,on_snow,vehicle
car\on_snow\137.jpg,car,on_snow,vehicle
car\on_snow\138.jpeg,car,on_snow,vehicle
car\on_snow\14.jpg,car,on_snow,vehicle
car\on_snow\140.jpg,car,on_snow,vehicle
car\on_snow\142.jpg,car,on_snow,vehicle
car\on_snow\143.jpg,car,on_snow,vehicle
car\on_snow\144.jpg,car,on_snow,vehicle
car\on_snow\146.jpg,car,on_snow,vehicle
car\on_snow\147.jpg,car,on_snow,vehicle
car\on_snow\149.jpg,car,on_snow,vehicle
car\on_snow\150.jpg,car,on_snow,vehicle
car\on_snow\153.jpg,car,on_snow,vehicle
car\on_snow\164.jpg,car,on_snow,vehicle
car\on_snow\165.jpg,car,on_snow,vehicle
car\on_snow\167.jpg,car,on_snow,vehicle
car\on_snow\168.jpg,car,on_snow,vehicle
car\on_snow\173.jpg,car,on_snow,vehicle
car\on_snow\174.jpg,car,on_snow,vehicle
car\on_snow\176.jpg,car,on_snow,vehicle
car\on_snow\177.jpg,car,on_snow,vehicle
car\on_snow\178.jpg,car,on_snow,vehicle
car\on_snow\179.jpg,car,on_snow,vehicle
car\on_snow\18.jpg,car,on_snow,vehicle
car\on_snow\180.jpg,car,on_snow,vehicle
car\on_snow\182.jpg,car,on_snow,vehicle
car\on_snow\183.jpg,car,on_snow,vehicle
car\on_snow\187.jpg,car,on_snow,vehicle
car\on_snow\189.jpg,car,on_snow,vehicle
car\on_snow\21.jpg,car,on_snow,vehicle
car\on_snow\23.jpg,car,on_snow,vehicle
car\on_snow\24.jpg,car,on_snow,vehicle
car\on_snow\25.jpg,car,on_snow,vehicle
car\on_snow\3.jpg,car,on_snow,vehicle
car\on_snow\32.jpg,car,on_snow,vehicle
car\on_snow\40.jpg,car,on_snow,vehicle
car\on_snow\46.jpg,car,on_snow,vehicle
car\on_snow\50.jpg,car,on_snow,vehicle
car\on_snow\6.jpg,car,on_snow,vehicle
car\on_snow\60.jpg,car,on_snow,vehicle
car\on_snow\61.png,car,on_snow,vehicle
car\on_snow\62.jpg,car,on_snow,vehicle
car\on_snow\64.jpg,car,on_snow,vehicle
car\on_snow\65.jpg,car,on_snow,vehicle
car\on_snow\66.jpg,car,on_snow,vehicle
car\on_snow\67.jpg,car,on_snow,vehicle
car\on_snow\69.jpg,car,on_snow,vehicle
car\on_snow\7.jpg,car,on_snow,vehicle
car\on_snow\70.jpg,car,on_snow,vehicle
car\on_snow\72.jpg,car,on_snow,vehicle
car\on_snow\74.jpg,car,on_snow,vehicle
car\on_snow\76.jpg,car,on_snow,vehicle
car\on_snow\8.jpg,car,on_snow,vehicle
car\on_snow\82.png,car,on_snow,vehicle
car\on_snow\88.jpg,car,on_snow,vehicle
car\on_snow\93.jpg,car,on_snow,vehicle
car\on_snow\97.jpg,car,on_snow,vehicle
helicopter\on_snow\100.jpg,helicopter,on_snow,vehicle
helicopter\on_snow\101.jpg,helicopter,on_snow,vehicle
helicopter\on_snow\108.jpg,helicopter,on_snow,vehicle
helicopter\on_snow\112.jpg,helicopter,on_snow,vehicle
helicopter\on_snow\117.jpg,helicopter,on_snow,vehicle
helicopter\on_snow\12.jpeg,helicopter,on_snow,vehicle
helicopter\on_snow\123.jpg,helicopter,on_snow,vehicle
helicopter\on_snow\124.jpg,helicopter,on_snow,vehicle
helicopter\on_snow\125.jpg,helicopter,on_snow,vehicle
helicopter\on_snow\129.jpg,helicopter,on_snow,vehicle
helicopter\on_snow\131.jpg,helicopter,on_snow,vehicle
helicopter\on_snow\136.jpg,helicopter,on_snow,vehicle
helicopter\on_snow\137.jpg,helicopter,on_snow,vehicle
helicopter\on_snow\14.jpg,helicopter,on_snow,vehicle
helicopter\on_snow\140.jpg,helicopter,on_snow,vehicle
helicopter\on_snow\141.jpg,helicopter,on_snow,vehicle
helicopter\on_snow\142.jpg,helicopter,on_snow,vehicle
helicopter\on_snow\143.jpg,helicopter,on_snow,vehicle
helicopter\on_snow\147.jpg,helicopter,on_snow,vehicle
helicopter\on_snow\15.jpg,helicopter,on_snow,vehicle
helicopter\on_snow\150.jpg,helicopter,on_snow,vehicle
helicopter\on_snow\155.jpg,helicopter,on_snow,vehicle
helicopter\on_snow\158.jpg,helicopter,on_snow,vehicle
helicopter\on_snow\159.jpg,helicopter,on_snow,vehicle
helicopter\on_snow\161.jpg,helicopter,on_snow,vehicle
helicopter\on_snow\175.jpg,helicopter,on_snow,vehicle
helicopter\on_snow\177.jpg,helicopter,on_snow,vehicle
helicopter\on_snow\178.png,helicopter,on_snow,vehicle
helicopter\on_snow\18.jpg,helicopter,on_snow,vehicle
helicopter\on_snow\180.jpg,helicopter,on_snow,vehicle
helicopter\on_snow\181.png,helicopter,on_snow,vehicle
helicopter\on_snow\182.jpg,helicopter,on_snow,vehicle
helicopter\on_snow\19.jpg,helicopter,on_snow,vehicle
helicopter\on_snow\2.jpg,helicopter,on_snow,vehicle
helicopter\on_snow\28.png,helicopter,on_snow,vehicle
helicopter\on_snow\29.jpg,helicopter,on_snow,vehicle
helicopter\on_snow\3.jpg,helicopter,on_snow,vehicle
helicopter\on_snow\30.jpg,helicopter,on_snow,vehicle
helicopter\on_snow\32.jpg,helicopter,on_snow,vehicle
helicopter\on_snow\35.jpg,helicopter,on_snow,vehicle
helicopter\on_snow\36.jpg,helicopter,on_snow,vehicle
helicopter\on_snow\41.jpeg,helicopter,on_snow,vehicle
helicopter\on_snow\43.jpg,helicopter,on_snow,vehicle
helicopter\on_snow\48.jpg,helicopter,on_snow,vehicle
helicopter\on_snow\52.jpg,helicopter,on_snow,vehicle
helicopter\on_snow\55.png,helicopter,on_snow,vehicle
helicopter\on_snow\6.jpg,helicopter,on_snow,vehicle
helicopter\on_snow\63.jpg,helicopter,on_snow,vehicle
helicopter\on_snow\64.jpg,helicopter,on_snow,vehicle
helicopter\on_snow\65.jpeg,helicopter,on_snow,vehicle
helicopter\on_snow\66.jpg,helicopter,on_snow,vehicle
helicopter\on_snow\67.jpg,helicopter,on_snow,vehicle
helicopter\on_snow\68.jpg,helicopter,on_snow,vehicle
helicopter\on_snow\71.jpg,helicopter,on_snow,vehicle
helicopter\on_snow\75.jpg,helicopter,on_snow,vehicle
helicopter\on_snow\76.jpg,helicopter,on_snow,vehicle
helicopter\on_snow\77.jpg,helicopter,on_snow,vehicle
helicopter\on_snow\82.jpg,helicopter,on_snow,vehicle
helicopter\on_snow\86.jpg,helicopter,on_snow,vehicle
helicopter\on_snow\87.jpg,helicopter,on_snow,vehicle
helicopter\on_snow\88.jpg,helicopter,on_snow,vehicle
helicopter\on_snow\91.jpg,helicopter,on_snow,vehicle
helicopter\on_snow\95.jpg,helicopter,on_snow,vehicle
helicopter\on_snow\97.jpg,helicopter,on_snow,vehicle
helicopter\on_snow\98.jpg,helicopter,on_snow,vehicle
helicopter\on_snow\99.jpg,helicopter,on_snow,vehicle
motorcycle\on_snow\0.jpg,motorcycle,on_snow,vehicle
motorcycle\on_snow\1.jpg,motorcycle,on_snow,vehicle
motorcycle\on_snow\10.jpg,motorcycle,on_snow,vehicle
motorcycle\on_snow\103.jpg,motorcycle,on_snow,vehicle
motorcycle\on_snow\106.jpg,motorcycle,on_snow,vehicle
motorcycle\on_snow\111.jpg,motorcycle,on_snow,vehicle
motorcycle\on_snow\119.jpeg,motorcycle,on_snow,vehicle
motorcycle\on_snow\120.jpg,motorcycle,on_snow,vehicle
motorcycle\on_snow\123.jpg,motorcycle,on_snow,vehicle
motorcycle\on_snow\129.jpg,motorcycle,on_snow,vehicle
motorcycle\on_snow\13.jpg,motorcycle,on_snow,vehicle
motorcycle\on_snow\130.jpg,motorcycle,on_snow,vehicle
motorcycle\on_snow\131.jpg,motorcycle,on_snow,vehicle
motorcycle\on_snow\133.jpg,motorcycle,on_snow,vehicle
motorcycle\on_snow\136.jpg,motorcycle,on_snow,vehicle
motorcycle\on_snow\15.png,motorcycle,on_snow,vehicle
motorcycle\on_snow\17.png,motorcycle,on_snow,vehicle
motorcycle\on_snow\19.jpg,motorcycle,on_snow,vehicle
motorcycle\on_snow\27.jpg,motorcycle,on_snow,vehicle
motorcycle\on_snow\28.jpg,motorcycle,on_snow,vehicle
motorcycle\on_snow\29.jpg,motorcycle,on_snow,vehicle
motorcycle\on_snow\33.jpg,motorcycle,on_snow,vehicle
motorcycle\on_snow\38.jpg,motorcycle,on_snow,vehicle
motorcycle\on_snow\40.jpg,motorcycle,on_snow,vehicle
motorcycle\on_snow\41.jpg,motorcycle,on_snow,vehicle
motorcycle\on_snow\42.jpg,motorcycle,on_snow,vehicle
motorcycle\on_snow\43.jpg,motorcycle,on_snow,vehicle
motorcycle\on_snow\45.jpeg,motorcycle,on_snow,vehicle
motorcycle\on_snow\46.jpg,motorcycle,on_snow,vehicle
motorcycle\on_snow\48.jpg,motorcycle,on_snow,vehicle
motorcycle\on_snow\49.jpg,motorcycle,on_snow,vehicle
motorcycle\on_snow\52.jpg,motorcycle,on_snow,vehicle
motorcycle\on_snow\56.jpg,motorcycle,on_snow,vehicle
motorcycle\on_snow\58.jpg,motorcycle,on_snow,vehicle
motorcycle\on_snow\6.jpg,motorcycle,on_snow,vehicle
motorcycle\on_snow\60.jpg,motorcycle,on_snow,vehicle
motorcycle\on_snow\61.jpg,motorcycle,on_snow,vehicle
motorcycle\on_snow\63.jpg,motorcycle,on_snow,vehicle
motorcycle\on_snow\66.jpg,motorcycle,on_snow,vehicle
motorcycle\on_snow\68.jpg,motorcycle,on_snow,vehicle
motorcycle\on_snow\70.jpg,motorcycle,on_snow,vehicle
motorcycle\on_snow\77.jpg,motorcycle,on_snow,vehicle
motorcycle\on_snow\79.jpg,motorcycle,on_snow,vehicle
motorcycle\on_snow\80.jpg,motorcycle,on_snow,vehicle
motorcycle\on_snow\81.jpg,motorcycle,on_snow,vehicle
motorcycle\on_snow\83.jpg,motorcycle,on_snow,vehicle
motorcycle\on_snow\9.jpg,motorcycle,on_snow,vehicle
motorcycle\on_snow\97.jpg,motorcycle,on_snow,vehicle
motorcycle\on_snow\98.jpg,motorcycle,on_snow,vehicle
train\on_snow\10.jpg,train,on_snow,vehicle
train\on_snow\100.jpg,train,on_snow,vehicle
train\on_snow\102.jpg,train,on_snow,vehicle
train\on_snow\103.jpg,train,on_snow,vehicle
train\on_snow\106.jpg,train,on_snow,vehicle
train\on_snow\107.jpg,train,on_snow,vehicle
train\on_snow\108.png,train,on_snow,vehicle
train\on_snow\11.jpg,train,on_snow,vehicle
train\on_snow\112.jpg,train,on_snow,vehicle
train\on_snow\115.jpg,train,on_snow,vehicle
train\on_snow\119.jpg,train,on_snow,vehicle
train\on_snow\12.jpg,train,on_snow,vehicle
train\on_snow\120.jpg,train,on_snow,vehicle
train\on_snow\121.jpg,train,on_snow,vehicle
train\on_snow\126.jpg,train,on_snow,vehicle
train\on_snow\127.jpg,train,on_snow,vehicle
train\on_snow\128.jpg,train,on_snow,vehicle
train\on_snow\13.jpg,train,on_snow,vehicle
train\on_snow\17.jpg,train,on_snow,vehicle
train\on_snow\18.jpg,train,on_snow,vehicle
train\on_snow\20.jpg,train,on_snow,vehicle
train\on_snow\29.jpg,train,on_snow,vehicle
train\on_snow\30.jpg,train,on_snow,vehicle
train\on_snow\32.jpg,train,on_snow,vehicle
train\on_snow\42.jpeg,train,on_snow,vehicle
train\on_snow\43.jpg,train,on_snow,vehicle
train\on_snow\46.jpg,train,on_snow,vehicle
train\on_snow\5.jpg,train,on_snow,vehicle
train\on_snow\56.jpg,train,on_snow,vehicle
train\on_snow\59.jpg,train,on_snow,vehicle
train\on_snow\62.jpg,train,on_snow,vehicle
train\on_snow\63.jpg,train,on_snow,vehicle
train\on_snow\64.jpg,train,on_snow,vehicle
train\on_snow\66.jpg,train,on_snow,vehicle
train\on_snow\69.jpg,train,on_snow,vehicle
train\on_snow\7.jpg,train,on_snow,vehicle
train\on_snow\72.jpg,train,on_snow,vehicle
train\on_snow\73.jpg,train,on_snow,vehicle
train\on_snow\76.jpg,train,on_snow,vehicle
train\on_snow\81.jpg,train,on_snow,vehicle
train\on_snow\82.jpg,train,on_snow,vehicle
train\on_snow\86.jpg,train,on_snow,vehicle
train\on_snow\88.jpg,train,on_snow,vehicle
train\on_snow\90.jpeg,train,on_snow,vehicle
train\on_snow\91.jpg,train,on_snow,vehicle
truck\on_snow\10.jpg,truck,on_snow,vehicle
truck\on_snow\107.jpg,truck,on_snow,vehicle
truck\on_snow\108.png,truck,on_snow,vehicle
truck\on_snow\110.jpg,truck,on_snow,vehicle
truck\on_snow\112.png,truck,on_snow,vehicle
truck\on_snow\114.jpg,truck,on_snow,vehicle
truck\on_snow\117.jpg,truck,on_snow,vehicle
truck\on_snow\120.jpg,truck,on_snow,vehicle
truck\on_snow\14.jpg,truck,on_snow,vehicle
truck\on_snow\15.jpg,truck,on_snow,vehicle
truck\on_snow\16.jpg,truck,on_snow,vehicle
truck\on_snow\17.jpg,truck,on_snow,vehicle
truck\on_snow\18.jpeg,truck,on_snow,vehicle
truck\on_snow\19.jpg,truck,on_snow,vehicle
truck\on_snow\26.png,truck,on_snow,vehicle
truck\on_snow\28.jpg,truck,on_snow,vehicle
truck\on_snow\3.jpg,truck,on_snow,vehicle
truck\on_snow\30.jpg,truck,on_snow,vehicle
truck\on_snow\31.jpg,truck,on_snow,vehicle
truck\on_snow\35.jpg,truck,on_snow,vehicle
truck\on_snow\36.jpg,truck,on_snow,vehicle
truck\on_snow\37.jpg,truck,on_snow,vehicle
truck\on_snow\39.jpg,truck,on_snow,vehicle
truck\on_snow\4.png,truck,on_snow,vehicle
truck\on_snow\48.jpg,truck,on_snow,vehicle
truck\on_snow\49.jpg,truck,on_snow,vehicle
truck\on_snow\5.jpg,truck,on_snow,vehicle
truck\on_snow\51.jpg,truck,on_snow,vehicle
truck\on_snow\54.jpg,truck,on_snow,vehicle
truck\on_snow\55.jpg,truck,on_snow,vehicle
truck\on_snow\6.jpg,truck,on_snow,vehicle
truck\on_snow\61.jpg,truck,on_snow,vehicle
truck\on_snow\62.jpg,truck,on_snow,vehicle
truck\on_snow\65.jpg,truck,on_snow,vehicle
truck\on_snow\66.jpg,truck,on_snow,vehicle
truck\on_snow\67.jpg,truck,on_snow,vehicle
truck\on_snow\68.jpg,truck,on_snow,vehicle
truck\on_snow\69.jpg,truck,on_snow,vehicle
truck\on_snow\70.jpg,truck,on_snow,vehicle
truck\on_snow\72.jpg,truck,on_snow,vehicle
truck\on_snow\73.jpg,truck,on_snow,vehicle
truck\on_snow\75.jpg,truck,on_snow,vehicle
truck\on_snow\77.png,truck,on_snow,vehicle
truck\on_snow\78.jpg,truck,on_snow,vehicle
truck\on_snow\8.jpg,truck,on_snow,vehicle
truck\on_snow\80.jpg,truck,on_snow,vehicle
truck\on_snow\81.jpg,truck,on_snow,vehicle
truck\on_snow\83.jpg,truck,on_snow,vehicle
truck\on_snow\89.jpg,truck,on_snow,vehicle
truck\on_snow\92.jpg,truck,on_snow,vehicle
truck\on_snow\94.jpg,truck,on_snow,vehicle
truck\on_snow\96.jpg,truck,on_snow,vehicle
truck\on_snow\99.jpg,truck,on_snow,vehicle
bear\in_forest\0.jpg,bear,in_forest,animal
bear\in_forest\10.jpg,bear,in_forest,animal
bear\in_forest\106.jpg,bear,in_forest,animal
bear\in_forest\107.jpg,bear,in_forest,animal
bear\in_forest\109.jpg,bear,in_forest,animal
bear\in_forest\11.jpg,bear,in_forest,animal
bear\in_forest\112.jpg,bear,in_forest,animal
bear\in_forest\113.jpg,bear,in_forest,animal
bear\in_forest\116.jpg,bear,in_forest,animal
bear\in_forest\117.jpg,bear,in_forest,animal
bear\in_forest\118.jpg,bear,in_forest,animal
bear\in_forest\12.jpg,bear,in_forest,animal
bear\in_forest\121.jpg,bear,in_forest,animal
bear\in_forest\123.jpg,bear,in_forest,animal
bear\in_forest\127.jpg,bear,in_forest,animal
bear\in_forest\129.jpg,bear,in_forest,animal
bear\in_forest\136.jpg,bear,in_forest,animal
bear\in_forest\141.jpg,bear,in_forest,animal
bear\in_forest\142.jpg,bear,in_forest,animal
bear\in_forest\143.jpg,bear,in_forest,animal
bear\in_forest\144.jpg,bear,in_forest,animal
bear\in_forest\145.jpg,bear,in_forest,animal
bear\in_forest\146.jpg,bear,in_forest,animal
bear\in_forest\148.jpg,bear,in_forest,animal
bear\in_forest\149.jpg,bear,in_forest,animal
bear\in_forest\152.jpg,bear,in_forest,animal
bear\in_forest\153.jpg,bear,in_forest,animal
bear\in_forest\157.jpg,bear,in_forest,animal
bear\in_forest\158.jpg,bear,in_forest,animal
bear\in_forest\160.jpg,bear,in_forest,animal
bear\in_forest\170.jpg,bear,in_forest,animal
bear\in_forest\172.jpg,bear,in_forest,animal
bear\in_forest\175.jpg,bear,in_forest,animal
bear\in_forest\18.jpg,bear,in_forest,animal
bear\in_forest\180.jpg,bear,in_forest,animal
bear\in_forest\181.jpg,bear,in_forest,animal
bear\in_forest\182.jpg,bear,in_forest,animal
bear\in_forest\184.jpg,bear,in_forest,animal
bear\in_forest\186.jpg,bear,in_forest,animal
bear\in_forest\187.jpg,bear,in_forest,animal
bear\in_forest\188.jpg,bear,in_forest,animal
bear\in_forest\194.jpg,bear,in_forest,animal
bear\in_forest\195.jpg,bear,in_forest,animal
bear\in_forest\198.jpg,bear,in_forest,animal
bear\in_forest\200.jpg,bear,in_forest,animal
bear\in_forest\201.jpg,bear,in_forest,animal
bear\in_forest\208.jpg,bear,in_forest,animal
bear\in_forest\212.jpg,bear,in_forest,animal
bear\in_forest\214.jpg,bear,in_forest,animal
bear\in_forest\216.jpg,bear,in_forest,animal
bear\in_forest\222.jpg,bear,in_forest,animal
bear\in_forest\224.jpg,bear,in_forest,animal
bear\in_forest\228.jpg,bear,in_forest,animal
bear\in_forest\229.jpg,bear,in_forest,animal
bear\in_forest\234.jpg,bear,in_forest,animal
bear\in_forest\235.jpg,bear,in_forest,animal
bear\in_forest\236.jpg,bear,in_forest,animal
bear\in_forest\237.jpg,bear,in_forest,animal
bear\in_forest\238.jpg,bear,in_forest,animal
bear\in_forest\239.jpg,bear,in_forest,animal
bear\in_forest\241.jpg,bear,in_forest,animal
bear\in_forest\243.jpg,bear,in_forest,animal
bear\in_forest\245.jpg,bear,in_forest,animal
bear\in_forest\25.jpg,bear,in_forest,animal
bear\in_forest\26.jpg,bear,in_forest,animal
bear\in_forest\29.jpg,bear,in_forest,animal
bear\in_forest\3.jpg,bear,in_forest,animal
bear\in_forest\30.jpg,bear,in_forest,animal
bear\in_forest\34.jpg,bear,in_forest,animal
bear\in_forest\36.jpg,bear,in_forest,animal
bear\in_forest\37.jpg,bear,in_forest,animal
bear\in_forest\38.jpg,bear,in_forest,animal
bear\in_forest\41.jpg,bear,in_forest,animal
bear\in_forest\45.jpg,bear,in_forest,animal
bear\in_forest\47.jpg,bear,in_forest,animal
bear\in_forest\48.jpg,bear,in_forest,animal
bear\in_forest\49.jpg,bear,in_forest,animal
bear\in_forest\52.jpg,bear,in_forest,animal
bear\in_forest\55.jpg,bear,in_forest,animal
bear\in_forest\56.jpg,bear,in_forest,animal
bear\in_forest\59.jpg,bear,in_forest,animal
bear\in_forest\63.jpg,bear,in_forest,animal
bear\in_forest\65.jpg,bear,in_forest,animal
bear\in_forest\69.jpg,bear,in_forest,animal
bear\in_forest\7.jpg,bear,in_forest,animal
bear\in_forest\72.jpg,bear,in_forest,animal
bear\in_forest\73.jpg,bear,in_forest,animal
bear\in_forest\74.jpg,bear,in_forest,animal
bear\in_forest\78.jpg,bear,in_forest,animal
bear\in_forest\79.jpg,bear,in_forest,animal
bear\in_forest\80.jpg,bear,in_forest,animal
bear\in_forest\83.jpg,bear,in_forest,animal
bear\in_forest\84.jpg,bear,in_forest,animal
bear\in_forest\85.jpg,bear,in_forest,animal
bear\in_forest\89.jpg,bear,in_forest,animal
bear\in_forest\90.jpg,bear,in_forest,animal
bear\in_forest\91.jpg,bear,in_forest,animal
bear\in_forest\93.jpg,bear,in_forest,animal
bear\in_forest\94.jpg,bear,in_forest,animal
bear\in_forest\95.jpg,bear,in_forest,animal
bear\in_forest\96.jpg,bear,in_forest,animal
bear\in_forest\97.jpg,bear,in_forest,animal
cow\in_forest\1.jpg,cow,in_forest,animal
cow\in_forest\10.jpg,cow,in_forest,animal
cow\in_forest\102.jpg,cow,in_forest,animal
cow\in_forest\104.jpg,cow,in_forest,animal
cow\in_forest\11.jpg,cow,in_forest,animal
cow\in_forest\115.jpg,cow,in_forest,animal
cow\in_forest\116.jpg,cow,in_forest,animal
cow\in_forest\117.jpg,cow,in_forest,animal
cow\in_forest\119.jpg,cow,in_forest,animal
cow\in_forest\120.jpg,cow,in_forest,animal
cow\in_forest\123.jpg,cow,in_forest,animal
cow\in_forest\125.jpg,cow,in_forest,animal
cow\in_forest\128.jpg,cow,in_forest,animal
cow\in_forest\129.jpg,cow,in_forest,animal
cow\in_forest\13.jpg,cow,in_forest,animal
cow\in_forest\130.jpg,cow,in_forest,animal
cow\in_forest\132.jpg,cow,in_forest,animal
cow\in_forest\15.jpg,cow,in_forest,animal
cow\in_forest\17.jpg,cow,in_forest,animal
cow\in_forest\19.jpg,cow,in_forest,animal
cow\in_forest\20.png,cow,in_forest,animal
cow\in_forest\21.jpg,cow,in_forest,animal
cow\in_forest\23.jpg,cow,in_forest,animal
cow\in_forest\25.jpg,cow,in_forest,animal
cow\in_forest\3.jpg,cow,in_forest,animal
cow\in_forest\31.jpg,cow,in_forest,animal
cow\in_forest\32.jpg,cow,in_forest,animal
cow\in_forest\37.jpg,cow,in_forest,animal
cow\in_forest\38.jpeg,cow,in_forest,animal
cow\in_forest\4.jpg,cow,in_forest,animal
cow\in_forest\44.jpg,cow,in_forest,animal
cow\in_forest\45.jpg,cow,in_forest,animal
cow\in_forest\46.png,cow,in_forest,animal
cow\in_forest\49.jpg,cow,in_forest,animal
cow\in_forest\5.jpg,cow,in_forest,animal
cow\in_forest\51.jpg,cow,in_forest,animal
cow\in_forest\52.jpg,cow,in_forest,animal
cow\in_forest\58.jpg,cow,in_forest,animal
cow\in_forest\59.jpg,cow,in_forest,animal
cow\in_forest\66.jpg,cow,in_forest,animal
cow\in_forest\7.jpg,cow,in_forest,animal
cow\in_forest\70.jpg,cow,in_forest,animal
cow\in_forest\71.jpg,cow,in_forest,animal
cow\in_forest\72.jpg,cow,in_forest,animal
cow\in_forest\79.jpg,cow,in_forest,animal
cow\in_forest\80.jpg,cow,in_forest,animal
cow\in_forest\87.jpg,cow,in_forest,animal
cow\in_forest\91.jpg,cow,in_forest,animal
cow\in_forest\93.jpeg,cow,in_forest,animal
cow\in_forest\97.jpg,cow,in_forest,animal
elephant\in_forest\0.jpg,elephant,in_forest,animal
elephant\in_forest\100.jpg,elephant,in_forest,animal
elephant\in_forest\105.jpg,elephant,in_forest,animal
elephant\in_forest\108.jpg,elephant,in_forest,animal
elephant\in_forest\110.jpg,elephant,in_forest,animal
elephant\in_forest\112.jpg,elephant,in_forest,animal
elephant\in_forest\115.jpg,elephant,in_forest,animal
elephant\in_forest\117.jpg,elephant,in_forest,animal
elephant\in_forest\119.jpg,elephant,in_forest,animal
elephant\in_forest\12.png,elephant,in_forest,animal
elephant\in_forest\122.jpg,elephant,in_forest,animal
elephant\in_forest\126.jpg,elephant,in_forest,animal
elephant\in_forest\13.jpg,elephant,in_forest,animal
elephant\in_forest\134.jpg,elephant,in_forest,animal
elephant\in_forest\137.jpg,elephant,in_forest,animal
elephant\in_forest\138.jpg,elephant,in_forest,animal
elephant\in_forest\139.jpg,elephant,in_forest,animal
elephant\in_forest\14.jpg,elephant,in_forest,animal
elephant\in_forest\140.jpg,elephant,in_forest,animal
elephant\in_forest\142.jpg,elephant,in_forest,animal
elephant\in_forest\144.jpg,elephant,in_forest,animal
elephant\in_forest\145.jpg,elephant,in_forest,animal
elephant\in_forest\146.jpg,elephant,in_forest,animal
elephant\in_forest\148.jpg,elephant,in_forest,animal
elephant\in_forest\153.jpeg,elephant,in_forest,animal
elephant\in_forest\154.jpeg,elephant,in_forest,animal
elephant\in_forest\156.jpeg,elephant,in_forest,animal
elephant\in_forest\157.jpeg,elephant,in_forest,animal
elephant\in_forest\158.jpeg,elephant,in_forest,animal
elephant\in_forest\16.jpg,elephant,in_forest,animal
elephant\in_forest\19.jpg,elephant,in_forest,animal
elephant\in_forest\21.jpg,elephant,in_forest,animal
elephant\in_forest\23.jpg,elephant,in_forest,animal
elephant\in_forest\24.jpg,elephant,in_forest,animal
elephant\in_forest\26.jpg,elephant,in_forest,animal
elephant\in_forest\27.jpg,elephant,in_forest,animal
elephant\in_forest\28.jpg,elephant,in_forest,animal
elephant\in_forest\39.jpg,elephant,in_forest,animal
elephant\in_forest\41.jpg,elephant,in_forest,animal
elephant\in_forest\42.jpg,elephant,in_forest,animal
elephant\in_forest\48.jpg,elephant,in_forest,animal
elephant\in_forest\5.jpg,elephant,in_forest,animal
elephant\in_forest\53.jpg,elephant,in_forest,animal
elephant\in_forest\58.jpg,elephant,in_forest,animal
elephant\in_forest\6.jpg,elephant,in_forest,animal
elephant\in_forest\60.jpg,elephant,in_forest,animal
elephant\in_forest\63.jpg,elephant,in_forest,animal
elephant\in_forest\64.jpg,elephant,in_forest,animal
elephant\in_forest\66.jpg,elephant,in_forest,animal
elephant\in_forest\68.jpg,elephant,in_forest,animal
elephant\in_forest\69.jpg,elephant,in_forest,animal
elephant\in_forest\71.jpg,elephant,in_forest,animal
elephant\in_forest\72.jpg,elephant,in_forest,animal
elephant\in_forest\79.jpg,elephant,in_forest,animal
elephant\in_forest\80.jpg,elephant,in_forest,animal
elephant\in_forest\81.png,elephant,in_forest,animal
elephant\in_forest\83.jpg,elephant,in_forest,animal
elephant\in_forest\88.jpg,elephant,in_forest,animal
elephant\in_forest\89.jpeg,elephant,in_forest,animal
elephant\in_forest\92.jpg,elephant,in_forest,animal
elephant\in_forest\95.jpg,elephant,in_forest,animal
horse\in_forest\0.jpg,horse,in_forest,animal
horse\in_forest\10.jpg,horse,in_forest,animal
horse\in_forest\101.jpg,horse,in_forest,animal
horse\in_forest\102.jpg,horse,in_forest,animal
horse\in_forest\103.jpg,horse,in_forest,animal
horse\in_forest\104.jpg,horse,in_forest,animal
horse\in_forest\105.jpg,horse,in_forest,animal
horse\in_forest\107.jpg,horse,in_forest,animal
horse\in_forest\108.jpg,horse,in_forest,animal
horse\in_forest\109.jpg,horse,in_forest,animal
horse\in_forest\11.jpg,horse,in_forest,animal
horse\in_forest\110.jpg,horse,in_forest,animal
horse\in_forest\115.jpg,horse,in_forest,animal
horse\in_forest\116.jpg,horse,in_forest,animal
horse\in_forest\119.jpg,horse,in_forest,animal
horse\in_forest\123.jpg,horse,in_forest,animal
horse\in_forest\126.jpg,horse,in_forest,animal
horse\in_forest\128.jpg,horse,in_forest,animal
horse\in_forest\130.jpg,horse,in_forest,animal
horse\in_forest\134.jpg,horse,in_forest,animal
horse\in_forest\135.png,horse,in_forest,animal
horse\in_forest\139.jpg,horse,in_forest,animal
horse\in_forest\141.jpg,horse,in_forest,animal
horse\in_forest\145.jpg,horse,in_forest,animal
horse\in_forest\16.jpg,horse,in_forest,animal
horse\in_forest\21.jpg,horse,in_forest,animal
horse\in_forest\25.jpg,horse,in_forest,animal
horse\in_forest\26.jpg,horse,in_forest,animal
horse\in_forest\27.jpg,horse,in_forest,animal
horse\in_forest\3.jpg,horse,in_forest,animal
horse\in_forest\31.jpg,horse,in_forest,animal
horse\in_forest\32.jpg,horse,in_forest,animal
horse\in_forest\33.jpg,horse,in_forest,animal
horse\in_forest\44.jpg,horse,in_forest,animal
horse\in_forest\48.jpg,horse,in_forest,animal
horse\in_forest\50.png,horse,in_forest,animal
horse\in_forest\52.jpg,horse,in_forest,animal
horse\in_forest\54.jpg,horse,in_forest,animal
horse\in_forest\57.jpg,horse,in_forest,animal
horse\in_forest\59.jpg,horse,in_forest,animal
horse\in_forest\61.jpg,horse,in_forest,animal
horse\in_forest\67.jpg,horse,in_forest,animal
horse\in_forest\68.jpg,horse,in_forest,animal
horse\in_forest\69.jpg,horse,in_forest,animal
horse\in_forest\72.jpg,horse,in_forest,animal
horse\in_forest\73.jpg,horse,in_forest,animal
horse\in_forest\77.jpg,horse,in_forest,animal
horse\in_forest\79.jpg,horse,in_forest,animal
horse\in_forest\81.jpg,horse,in_forest,animal
horse\in_forest\86.jpg,horse,in_forest,animal
horse\in_forest\89.jpg,horse,in_forest,animal
horse\in_forest\9.jpg,horse,in_forest,animal
horse\in_forest\90.jpg,horse,in_forest,animal
horse\in_forest\91.jpg,horse,in_forest,animal
horse\in_forest\92.jpg,horse,in_forest,animal
horse\in_forest\95.jpg,horse,in_forest,animal
monkey\in_forest\100.jpg,monkey,in_forest,animal
monkey\in_forest\104.jpg,monkey,in_forest,animal
monkey\in_forest\107.jpg,monkey,in_forest,animal
monkey\in_forest\108.jpg,monkey,in_forest,animal
monkey\in_forest\113.jpg,monkey,in_forest,animal
monkey\in_forest\116.jpg,monkey,in_forest,animal
monkey\in_forest\118.jpeg,monkey,in_forest,animal
monkey\in_forest\12.jpg,monkey,in_forest,animal
monkey\in_forest\126.jpg,monkey,in_forest,animal
monkey\in_forest\128.jpg,monkey,in_forest,animal
monkey\in_forest\129.jpg,monkey,in_forest,animal
monkey\in_forest\13.jpg,monkey,in_forest,animal
monkey\in_forest\130.jpg,monkey,in_forest,animal
monkey\in_forest\134.jpg,monkey,in_forest,animal
monkey\in_forest\138.jpg,monkey,in_forest,animal
monkey\in_forest\139.jpg,monkey,in_forest,animal
monkey\in_forest\14.jpg,monkey,in_forest,animal
monkey\in_forest\140.jpg,monkey,in_forest,animal
monkey\in_forest\15.jpg,monkey,in_forest,animal
monkey\in_forest\17.jpg,monkey,in_forest,animal
monkey\in_forest\18.jpg,monkey,in_forest,animal
monkey\in_forest\22.jpg,monkey,in_forest,animal
monkey\in_forest\24.jpg,monkey,in_forest,animal
monkey\in_forest\27.jpg,monkey,in_forest,animal
monkey\in_forest\28.jpg,monkey,in_forest,animal
monkey\in_forest\29.jpg,monkey,in_forest,animal
monkey\in_forest\33.png,monkey,in_forest,animal
monkey\in_forest\34.jpg,monkey,in_forest,animal
monkey\in_forest\40.jpg,monkey,in_forest,animal
monkey\in_forest\44.jpg,monkey,in_forest,animal
monkey\in_forest\46.jpg,monkey,in_forest,animal
monkey\in_forest\48.jpg,monkey,in_forest,animal
monkey\in_forest\5.jpg,monkey,in_forest,animal
monkey\in_forest\51.jpg,monkey,in_forest,animal
monkey\in_forest\55.jpg,monkey,in_forest,animal
monkey\in_forest\56.jpg,monkey,in_forest,animal
monkey\in_forest\57.jpg,monkey,in_forest,animal
monkey\in_forest\59.jpg,monkey,in_forest,animal
monkey\in_forest\62.jpg,monkey,in_forest,animal
monkey\in_forest\66.jpg,monkey,in_forest,animal
monkey\in_forest\7.jpg,monkey,in_forest,animal
monkey\in_forest\70.jpg,monkey,in_forest,animal
monkey\in_forest\71.jpg,monkey,in_forest,animal
monkey\in_forest\72.jpg,monkey,in_forest,animal
monkey\in_forest\75.jpg,monkey,in_forest,animal
monkey\in_forest\77.jpg,monkey,in_forest,animal
monkey\in_forest\78.jpg,monkey,in_forest,animal
monkey\in_forest\79.jpg,monkey,in_forest,animal
monkey\in_forest\8.jpg,monkey,in_forest,animal
monkey\in_forest\82.jpg,monkey,in_forest,animal
monkey\in_forest\89.jpg,monkey,in_forest,animal
monkey\in_forest\90.jpg,monkey,in_forest,animal
monkey\in_forest\92.jpg,monkey,in_forest,animal
monkey\in_forest\93.jpg,monkey,in_forest,animal
monkey\in_forest\95.jpg,monkey,in_forest,animal
monkey\in_forest\96.jpg,monkey,in_forest,animal
monkey\in_forest\97.jpg,monkey,in_forest,animal
rat\in_forest\1.jpg,rat,in_forest,animal
rat\in_forest\10.jpg,rat,in_forest,animal
rat\in_forest\14.jpeg,rat,in_forest,animal
rat\in_forest\16.jpg,rat,in_forest,animal
rat\in_forest\19.jpg,rat,in_forest,animal
rat\in_forest\2.jpg,rat,in_forest,animal
rat\in_forest\25.jpg,rat,in_forest,animal
rat\in_forest\28.jpg,rat,in_forest,animal
rat\in_forest\29.jpg,rat,in_forest,animal
rat\in_forest\31.jpg,rat,in_forest,animal
rat\in_forest\36.jpg,rat,in_forest,animal
rat\in_forest\37.jpg,rat,in_forest,animal
rat\in_forest\4.jpg,rat,in_forest,animal
rat\in_forest\40.jpg,rat,in_forest,animal
rat\in_forest\44.jpg,rat,in_forest,animal
rat\in_forest\46.jpg,rat,in_forest,animal
rat\in_forest\47.jpg,rat,in_forest,animal
rat\in_forest\48.jpg,rat,in_forest,animal
rat\in_forest\5.jpg,rat,in_forest,animal
rat\in_forest\53.png,rat,in_forest,animal
rat\in_forest\56.jpg,rat,in_forest,animal
rat\in_forest\57.jpg,rat,in_forest,animal
rat\in_forest\59.jpg,rat,in_forest,animal
rat\in_forest\6.jpg,rat,in_forest,animal
rat\in_forest\64.jpg,rat,in_forest,animal
rat\in_forest\7.jpg,rat,in_forest,animal
rat\in_forest\70.jpg,rat,in_forest,animal
rat\in_forest\72.jpg,rat,in_forest,animal
rat\in_forest\74.jpg,rat,in_forest,animal
rat\in_forest\75.jpg,rat,in_forest,animal
rat\in_forest\77.png,rat,in_forest,animal
rat\in_forest\8.jpg,rat,in_forest,animal
sheep\in_forest\0.jpg,sheep,in_forest,animal
sheep\in_forest\1.jpg,sheep,in_forest,animal
sheep\in_forest\10.jpg,sheep,in_forest,animal
sheep\in_forest\11.jpg,sheep,in_forest,animal
sheep\in_forest\13.jpg,sheep,in_forest,animal
sheep\in_forest\17.jpg,sheep,in_forest,animal
sheep\in_forest\2.jpg,sheep,in_forest,animal
sheep\in_forest\25.jpg,sheep,in_forest,animal
sheep\in_forest\28.jpg,sheep,in_forest,animal
sheep\in_forest\32.jpg,sheep,in_forest,animal
sheep\in_forest\33.jpg,sheep,in_forest,animal
sheep\in_forest\35.jpg,sheep,in_forest,animal
sheep\in_forest\36.jpg,sheep,in_forest,animal
sheep\in_forest\39.jpg,sheep,in_forest,animal
sheep\in_forest\4.jpg,sheep,in_forest,animal
sheep\in_forest\41.jpg,sheep,in_forest,animal
sheep\in_forest\43.jpg,sheep,in_forest,animal
sheep\in_forest\44.jpg,sheep,in_forest,animal
sheep\in_forest\46.jpg,sheep,in_forest,animal
sheep\in_forest\48.jpg,sheep,in_forest,animal
sheep\in_forest\51.jpeg,sheep,in_forest,animal
sheep\in_forest\54.jpeg,sheep,in_forest,animal
sheep\in_forest\57.jpg,sheep,in_forest,animal
sheep\in_forest\65.jpg,sheep,in_forest,animal
sheep\in_forest\73.jpg,sheep,in_forest,animal
sheep\in_forest\74.jpg,sheep,in_forest,animal
sheep\in_forest\78.jpg,sheep,in_forest,animal
sheep\in_forest\80.jpg,sheep,in_forest,animal
sheep\in_forest\81.jpg,sheep,in_forest,animal
sheep\in_forest\87.jpg,sheep,in_forest,animal
sheep\in_forest\90.jpg,sheep,in_forest,animal
sheep\in_forest\91.jpg,sheep,in_forest,animal
helicopter\in_forest\125.jpg,helicopter,in_forest,vehicle
helicopter\in_forest\26.jpg,helicopter,in_forest,vehicle
helicopter\in_forest\27.jpg,helicopter,in_forest,vehicle
helicopter\in_forest\3.jpg,helicopter,in_forest,vehicle
helicopter\in_forest\48.jpg,helicopter,in_forest,vehicle
helicopter\in_forest\62.jpg,helicopter,in_forest,vehicle
helicopter\in_forest\8.jpg,helicopter,in_forest,vehicle
train\in_forest\103.jpg,train,in_forest,vehicle
train\in_forest\72.jpg,train,in_forest,vehicle
train\in_forest\80.jpg,train,in_forest,vehicle
train\in_forest\84.jpg,train,in_forest,vehicle
train\in_forest\91.jpg,train,in_forest,vehicle
truck\in_forest\11.jpg,truck,in_forest,vehicle
truck\in_forest\27.jpg,truck,in_forest,vehicle
truck\in_forest\48.jpg,truck,in_forest,vehicle
truck\in_forest\57.jpg,truck,in_forest,vehicle
truck\in_forest\66.jpeg,truck,in_forest,vehicle
truck\in_forest\84.jpg,truck,in_forest,vehicle
truck\in_forest\9.jpg,truck,in_forest,vehicle
truck\in_forest\92.jpg,truck,in_forest,vehicle
dog\on_beach\102.jpg,dog,on_beach,animal
dog\on_beach\103.jpg,dog,on_beach,animal
dog\on_beach\121.jpg,dog,on_beach,animal
dog\on_beach\137.jpg,dog,on_beach,animal
dog\on_beach\140.jpg,dog,on_beach,animal
dog\on_beach\154.jpg,dog,on_beach,animal
dog\on_beach\212.jpg,dog,on_beach,animal
dog\on_beach\221.jpg,dog,on_beach,animal
dog\on_beach\236.jpg,dog,on_beach,animal
dog\on_beach\36.jpg,dog,on_beach,animal
dog\on_beach\71.jpg,dog,on_beach,animal
dog\on_beach\96.jpg,dog,on_beach,animal
horse\on_beach\101.jpg,horse,on_beach,animal
horse\on_beach\135.jpg,horse,on_beach,animal
horse\on_beach\140.jpg,horse,on_beach,animal
horse\on_beach\30.jpg,horse,on_beach,animal
monkey\on_beach\14.jpg,monkey,on_beach,animal
monkey\on_beach\28.jpg,monkey,on_beach,animal
monkey\on_beach\35.jpg,monkey,on_beach,animal
monkey\on_beach\44.jpg,monkey,on_beach,animal
airplane\on_beach\0.jpg,airplane,on_beach,vehicle
airplane\on_beach\1.jpg,airplane,on_beach,vehicle
airplane\on_beach\100.jpg,airplane,on_beach,vehicle
airplane\on_beach\101.jpg,airplane,on_beach,vehicle
airplane\on_beach\102.jpg,airplane,on_beach,vehicle
airplane\on_beach\104.jpg,airplane,on_beach,vehicle
airplane\on_beach\105.jpg,airplane,on_beach,vehicle
airplane\on_beach\106.jpg,airplane,on_beach,vehicle
airplane\on_beach\11.jpg,airplane,on_beach,vehicle
airplane\on_beach\13.jpg,airplane,on_beach,vehicle
airplane\on_beach\15.png,airplane,on_beach,vehicle
airplane\on_beach\17.jpg,airplane,on_beach,vehicle
airplane\on_beach\18.jpg,airplane,on_beach,vehicle
airplane\on_beach\19.jpg,airplane,on_beach,vehicle
airplane\on_beach\21.jpg,airplane,on_beach,vehicle
airplane\on_beach\22.jpg,airplane,on_beach,vehicle
airplane\on_beach\23.jpg,airplane,on_beach,vehicle
airplane\on_beach\24.jpg,airplane,on_beach,vehicle
airplane\on_beach\27.jpg,airplane,on_beach,vehicle
airplane\on_beach\31.jpg,airplane,on_beach,vehicle
airplane\on_beach\35.jpg,airplane,on_beach,vehicle
airplane\on_beach\36.jpg,airplane,on_beach,vehicle
airplane\on_beach\40.jpg,airplane,on_beach,vehicle
airplane\on_beach\41.jpg,airplane,on_beach,vehicle
airplane\on_beach\42.jpg,airplane,on_beach,vehicle
airplane\on_beach\43.jpg,airplane,on_beach,vehicle
airplane\on_beach\48.jpg,airplane,on_beach,vehicle
airplane\on_beach\5.jpg,airplane,on_beach,vehicle
airplane\on_beach\56.jpg,airplane,on_beach,vehicle
airplane\on_beach\57.jpg,airplane,on_beach,vehicle
airplane\on_beach\58.jpg,airplane,on_beach,vehicle
airplane\on_beach\59.jpg,airplane,on_beach,vehicle
airplane\on_beach\60.jpg,airplane,on_beach,vehicle
airplane\on_beach\62.jpg,airplane,on_beach,vehicle
airplane\on_beach\63.jpg,airplane,on_beach,vehicle
airplane\on_beach\64.jpg,airplane,on_beach,vehicle
airplane\on_beach\65.png,airplane,on_beach,vehicle
airplane\on_beach\66.jpg,airplane,on_beach,vehicle
airplane\on_beach\68.jpg,airplane,on_beach,vehicle
airplane\on_beach\69.jpg,airplane,on_beach,vehicle
airplane\on_beach\75.jpg,airplane,on_beach,vehicle
airplane\on_beach\76.jpg,airplane,on_beach,vehicle
airplane\on_beach\78.jpg,airplane,on_beach,vehicle
airplane\on_beach\80.jpg,airplane,on_beach,vehicle
airplane\on_beach\81.jpg,airplane,on_beach,vehicle
airplane\on_beach\84.jpg,airplane,on_beach,vehicle
airplane\on_beach\85.jpg,airplane,on_beach,vehicle
airplane\on_beach\86.jpg,airplane,on_beach,vehicle
airplane\on_beach\87.jpg,airplane,on_beach,vehicle
airplane\on_beach\91.jpg,airplane,on_beach,vehicle
airplane\on_beach\94.jpg,airplane,on_beach,vehicle
airplane\on_beach\96.jpg,airplane,on_beach,vehicle
airplane\on_beach\97.jpg,airplane,on_beach,vehicle
bicycle\on_beach\0.jpg,bicycle,on_beach,vehicle
bicycle\on_beach\10.jpg,bicycle,on_beach,vehicle
bicycle\on_beach\101.jpg,bicycle,on_beach,vehicle
bicycle\on_beach\102.jpg,bicycle,on_beach,vehicle
bicycle\on_beach\107.jpg,bicycle,on_beach,vehicle
bicycle\on_beach\108.jpg,bicycle,on_beach,vehicle
bicycle\on_beach\11.jpg,bicycle,on_beach,vehicle
bicycle\on_beach\110.jpg,bicycle,on_beach,vehicle
bicycle\on_beach\111.jpg,bicycle,on_beach,vehicle
bicycle\on_beach\113.jpg,bicycle,on_beach,vehicle
bicycle\on_beach\114.jpg,bicycle,on_beach,vehicle
bicycle\on_beach\117.jpg,bicycle,on_beach,vehicle
bicycle\on_beach\118.jpg,bicycle,on_beach,vehicle
bicycle\on_beach\119.jpg,bicycle,on_beach,vehicle
bicycle\on_beach\12.png,bicycle,on_beach,vehicle
bicycle\on_beach\123.jpg,bicycle,on_beach,vehicle
bicycle\on_beach\125.jpg,bicycle,on_beach,vehicle
bicycle\on_beach\126.jpg,bicycle,on_beach,vehicle
bicycle\on_beach\127.jpg,bicycle,on_beach,vehicle
bicycle\on_beach\128.jpg,bicycle,on_beach,vehicle
bicycle\on_beach\129.jpg,bicycle,on_beach,vehicle
bicycle\on_beach\130.jpg,bicycle,on_beach,vehicle
bicycle\on_beach\14.jpg,bicycle,on_beach,vehicle
bicycle\on_beach\17.jpg,bicycle,on_beach,vehicle
bicycle\on_beach\2.jpg,bicycle,on_beach,vehicle
bicycle\on_beach\20.jpg,bicycle,on_beach,vehicle
bicycle\on_beach\21.png,bicycle,on_beach,vehicle
bicycle\on_beach\23.jpg,bicycle,on_beach,vehicle
bicycle\on_beach\24.jpg,bicycle,on_beach,vehicle
bicycle\on_beach\27.jpg,bicycle,on_beach,vehicle
bicycle\on_beach\28.jpg,bicycle,on_beach,vehicle
bicycle\on_beach\30.jpg,bicycle,on_beach,vehicle
bicycle\on_beach\31.jpg,bicycle,on_beach,vehicle
bicycle\on_beach\33.jpg,bicycle,on_beach,vehicle
bicycle\on_beach\39.jpg,bicycle,on_beach,vehicle
bicycle\on_beach\4.jpg,bicycle,on_beach,vehicle
bicycle\on_beach\40.jpg,bicycle,on_beach,vehicle
bicycle\on_beach\47.jpg,bicycle,on_beach,vehicle
bicycle\on_beach\49.jpg,bicycle,on_beach,vehicle
bicycle\on_beach\52.jpg,bicycle,on_beach,vehicle
bicycle\on_beach\54.jpg,bicycle,on_beach,vehicle
bicycle\on_beach\56.jpg,bicycle,on_beach,vehicle
bicycle\on_beach\58.jpg,bicycle,on_beach,vehicle
bicycle\on_beach\61.jpg,bicycle,on_beach,vehicle
bicycle\on_beach\62.jpeg,bicycle,on_beach,vehicle
bicycle\on_beach\63.jpg,bicycle,on_beach,vehicle
bicycle\on_beach\64.jpg,bicycle,on_beach,vehicle
bicycle\on_beach\67.jpg,bicycle,on_beach,vehicle
bicycle\on_beach\69.jpg,bicycle,on_beach,vehicle
bicycle\on_beach\7.jpg,bicycle,on_beach,vehicle
bicycle\on_beach\71.jpg,bicycle,on_beach,vehicle
bicycle\on_beach\72.jpg,bicycle,on_beach,vehicle
bicycle\on_beach\73.jpg,bicycle,on_beach,vehicle
bicycle\on_beach\77.jpg,bicycle,on_beach,vehicle
bicycle\on_beach\80.jpg,bicycle,on_beach,vehicle
bicycle\on_beach\83.jpg,bicycle,on_beach,vehicle
bicycle\on_beach\84.jpg,bicycle,on_beach,vehicle
bicycle\on_beach\85.jpg,bicycle,on_beach,vehicle
bicycle\on_beach\87.jpg,bicycle,on_beach,vehicle
bicycle\on_beach\88.jpg,bicycle,on_beach,vehicle
bicycle\on_beach\89.jpg,bicycle,on_beach,vehicle
bicycle\on_beach\92.jpg,bicycle,on_beach,vehicle
bicycle\on_beach\98.jpg,bicycle,on_beach,vehicle
boat\on_beach\100.jpg,boat,on_beach,vehicle
boat\on_beach\104.jpg,boat,on_beach,vehicle
boat\on_beach\105.jpg,boat,on_beach,vehicle
boat\on_beach\107.jpg,boat,on_beach,vehicle
boat\on_beach\109.jpg,boat,on_beach,vehicle
boat\on_beach\11.jpg,boat,on_beach,vehicle
boat\on_beach\110.jpg,boat,on_beach,vehicle
boat\on_beach\116.jpg,boat,on_beach,vehicle
boat\on_beach\118.jpeg,boat,on_beach,vehicle
boat\on_beach\120.jpg,boat,on_beach,vehicle
boat\on_beach\121.jpg,boat,on_beach,vehicle
boat\on_beach\125.jpg,boat,on_beach,vehicle
boat\on_beach\127.jpg,boat,on_beach,vehicle
boat\on_beach\129.jpg,boat,on_beach,vehicle
boat\on_beach\131.jpg,boat,on_beach,vehicle
boat\on_beach\133.jpg,boat,on_beach,vehicle
boat\on_beach\136.jpg,boat,on_beach,vehicle
boat\on_beach\137.jpg,boat,on_beach,vehicle
boat\on_beach\138.jpg,boat,on_beach,vehicle
boat\on_beach\139.jpg,boat,on_beach,vehicle
boat\on_beach\140.jpg,boat,on_beach,vehicle
boat\on_beach\141.jpg,boat,on_beach,vehicle
boat\on_beach\142.jpg,boat,on_beach,vehicle
boat\on_beach\144.jpg,boat,on_beach,vehicle
boat\on_beach\145.jpg,boat,on_beach,vehicle
boat\on_beach\149.jpg,boat,on_beach,vehicle
boat\on_beach\15.jpg,boat,on_beach,vehicle
boat\on_beach\151.jpg,boat,on_beach,vehicle
boat\on_beach\153.jpg,boat,on_beach,vehicle
boat\on_beach\154.jpg,boat,on_beach,vehicle
boat\on_beach\157.jpg,boat,on_beach,vehicle
boat\on_beach\158.jpg,boat,on_beach,vehicle
boat\on_beach\161.jpg,boat,on_beach,vehicle
boat\on_beach\163.jpg,boat,on_beach,vehicle
boat\on_beach\165.jpg,boat,on_beach,vehicle
boat\on_beach\19.jpg,boat,on_beach,vehicle
boat\on_beach\20.jpg,boat,on_beach,vehicle
boat\on_beach\21.jpg,boat,on_beach,vehicle
boat\on_beach\29.jpg,boat,on_beach,vehicle
boat\on_beach\31.jpg,boat,on_beach,vehicle
boat\on_beach\32.jpg,boat,on_beach,vehicle
boat\on_beach\33.jpg,boat,on_beach,vehicle
boat\on_beach\36.jpg,boat,on_beach,vehicle
boat\on_beach\37.jpg,boat,on_beach,vehicle
boat\on_beach\39.jpg,boat,on_beach,vehicle
boat\on_beach\41.jpg,boat,on_beach,vehicle
boat\on_beach\42.jpg,boat,on_beach,vehicle
boat\on_beach\43.jpg,boat,on_beach,vehicle
boat\on_beach\49.jpg,boat,on_beach,vehicle
boat\on_beach\51.jpg,boat,on_beach,vehicle
boat\on_beach\52.jpg,boat,on_beach,vehicle
boat\on_beach\54.png,boat,on_beach,vehicle
boat\on_beach\55.jpg,boat,on_beach,vehicle
boat\on_beach\57.jpg,boat,on_beach,vehicle
boat\on_beach\62.jpg,boat,on_beach,vehicle
boat\on_beach\66.jpg,boat,on_beach,vehicle
boat\on_beach\67.jpg,boat,on_beach,vehicle
boat\on_beach\7.jpg,boat,on_beach,vehicle
boat\on_beach\71.jpg,boat,on_beach,vehicle
boat\on_beach\73.jpg,boat,on_beach,vehicle
boat\on_beach\79.jpg,boat,on_beach,vehicle
boat\on_beach\80.jpg,boat,on_beach,vehicle
boat\on_beach\82.jpg,boat,on_beach,vehicle
boat\on_beach\84.jpg,boat,on_beach,vehicle
boat\on_beach\89.jpg,boat,on_beach,vehicle
boat\on_beach\9.jpg,boat,on_beach,vehicle
boat\on_beach\92.jpg,boat,on_beach,vehicle
boat\on_beach\93.jpg,boat,on_beach,vehicle
boat\on_beach\95.jpeg,boat,on_beach,vehicle
car\on_beach\0.jpg,car,on_beach,vehicle
car\on_beach\10.jpg,car,on_beach,vehicle
car\on_beach\101.jpg,car,on_beach,vehicle
car\on_beach\102.jpg,car,on_beach,vehicle
car\on_beach\103.jpg,car,on_beach,vehicle
car\on_beach\12.jpg,car,on_beach,vehicle
car\on_beach\13.jpg,car,on_beach,vehicle
car\on_beach\22.jpg,car,on_beach,vehicle
car\on_beach\23.jpg,car,on_beach,vehicle
car\on_beach\24.jpg,car,on_beach,vehicle
car\on_beach\26.jpg,car,on_beach,vehicle
car\on_beach\27.jpg,car,on_beach,vehicle
car\on_beach\29.jpg,car,on_beach,vehicle
car\on_beach\3.jpg,car,on_beach,vehicle
car\on_beach\33.jpg,car,on_beach,vehicle
car\on_beach\38.jpg,car,on_beach,vehicle
car\on_beach\40.jpg,car,on_beach,vehicle
car\on_beach\41.jpg,car,on_beach,vehicle
car\on_beach\47.jpg,car,on_beach,vehicle
car\on_beach\48.jpg,car,on_beach,vehicle
car\on_beach\49.jpg,car,on_beach,vehicle
car\on_beach\50.jpg,car,on_beach,vehicle
car\on_beach\57.jpg,car,on_beach,vehicle
car\on_beach\59.jpg,car,on_beach,vehicle
car\on_beach\60.jpg,car,on_beach,vehicle
car\on_beach\63.jpg,car,on_beach,vehicle
car\on_beach\66.jpg,car,on_beach,vehicle
car\on_beach\68.jpg,car,on_beach,vehicle
car\on_beach\7.jpg,car,on_beach,vehicle
car\on_beach\71.jpg,car,on_beach,vehicle
car\on_beach\74.jpg,car,on_beach,vehicle
car\on_beach\75.jpg,car,on_beach,vehicle
car\on_beach\77.jpg,car,on_beach,vehicle
car\on_beach\79.jpg,car,on_beach,vehicle
car\on_beach\85.jpg,car,on_beach,vehicle
car\on_beach\86.jpg,car,on_beach,vehicle
car\on_beach\88.jpg,car,on_beach,vehicle
car\on_beach\9.jpg,car,on_beach,vehicle
car\on_beach\91.jpeg,car,on_beach,vehicle
car\on_beach\94.jpg,car,on_beach,vehicle
car\on_beach\96.jpg,car,on_beach,vehicle
helicopter\on_beach\1.jpg,helicopter,on_beach,vehicle
helicopter\on_beach\103.jpg,helicopter,on_beach,vehicle
helicopter\on_beach\104.jpg,helicopter,on_beach,vehicle
helicopter\on_beach\105.jpg,helicopter,on_beach,vehicle
helicopter\on_beach\107.jpg,helicopter,on_beach,vehicle
helicopter\on_beach\108.jpg,helicopter,on_beach,vehicle
helicopter\on_beach\11.png,helicopter,on_beach,vehicle
helicopter\on_beach\12.jpg,helicopter,on_beach,vehicle
helicopter\on_beach\13.jpg,helicopter,on_beach,vehicle
helicopter\on_beach\14.jpg,helicopter,on_beach,vehicle
helicopter\on_beach\17.jpg,helicopter,on_beach,vehicle
helicopter\on_beach\2.jpg,helicopter,on_beach,vehicle
helicopter\on_beach\20.jpg,helicopter,on_beach,vehicle
helicopter\on_beach\21.jpg,helicopter,on_beach,vehicle
helicopter\on_beach\22.jpg,helicopter,on_beach,vehicle
helicopter\on_beach\26.jpg,helicopter,on_beach,vehicle
helicopter\on_beach\27.jpg,helicopter,on_beach,vehicle
helicopter\on_beach\29.jpg,helicopter,on_beach,vehicle
helicopter\on_beach\32.jpg,helicopter,on_beach,vehicle
helicopter\on_beach\35.jpg,helicopter,on_beach,vehicle
helicopter\on_beach\37.jpg,helicopter,on_beach,vehicle
helicopter\on_beach\45.jpg,helicopter,on_beach,vehicle
helicopter\on_beach\49.jpg,helicopter,on_beach,vehicle
helicopter\on_beach\53.jpg,helicopter,on_beach,vehicle
helicopter\on_beach\55.jpg,helicopter,on_beach,vehicle
helicopter\on_beach\56.jpg,helicopter,on_beach,vehicle
helicopter\on_beach\57.jpg,helicopter,on_beach,vehicle
helicopter\on_beach\58.jpg,helicopter,on_beach,vehicle
helicopter\on_beach\62.jpg,helicopter,on_beach,vehicle
helicopter\on_beach\64.jpg,helicopter,on_beach,vehicle
helicopter\on_beach\65.jpg,helicopter,on_beach,vehicle
helicopter\on_beach\66.jpg,helicopter,on_beach,vehicle
helicopter\on_beach\67.jpg,helicopter,on_beach,vehicle
helicopter\on_beach\7.jpg,helicopter,on_beach,vehicle
helicopter\on_beach\71.jpg,helicopter,on_beach,vehicle
helicopter\on_beach\72.jpg,helicopter,on_beach,vehicle
helicopter\on_beach\75.jpg,helicopter,on_beach,vehicle
helicopter\on_beach\78.jpg,helicopter,on_beach,vehicle
helicopter\on_beach\79.jpg,helicopter,on_beach,vehicle
helicopter\on_beach\82.jpg,helicopter,on_beach,vehicle
helicopter\on_beach\83.jpg,helicopter,on_beach,vehicle
helicopter\on_beach\85.jpg,helicopter,on_beach,vehicle
helicopter\on_beach\86.jpg,helicopter,on_beach,vehicle
helicopter\on_beach\87.jpg,helicopter,on_beach,vehicle
helicopter\on_beach\88.jpg,helicopter,on_beach,vehicle
helicopter\on_beach\9.jpg,helicopter,on_beach,vehicle
helicopter\on_beach\90.jpg,helicopter,on_beach,vehicle
helicopter\on_beach\94.jpg,helicopter,on_beach,vehicle
helicopter\on_beach\95.jpg,helicopter,on_beach,vehicle
helicopter\on_beach\96.jpg,helicopter,on_beach,vehicle
helicopter\on_beach\97.jpg,helicopter,on_beach,vehicle
helicopter\on_beach\99.jpg,helicopter,on_beach,vehicle
motorcycle\on_beach\10.jpg,motorcycle,on_beach,vehicle
motorcycle\on_beach\101.jpg,motorcycle,on_beach,vehicle
motorcycle\on_beach\102.jpg,motorcycle,on_beach,vehicle
motorcycle\on_beach\103.jpg,motorcycle,on_beach,vehicle
motorcycle\on_beach\104.jpg,motorcycle,on_beach,vehicle
motorcycle\on_beach\106.jpg,motorcycle,on_beach,vehicle
motorcycle\on_beach\108.jpg,motorcycle,on_beach,vehicle
motorcycle\on_beach\109.jpg,motorcycle,on_beach,vehicle
motorcycle\on_beach\110.jpg,motorcycle,on_beach,vehicle
motorcycle\on_beach\118.jpg,motorcycle,on_beach,vehicle
motorcycle\on_beach\120.jpg,motorcycle,on_beach,vehicle
motorcycle\on_beach\23.jpg,motorcycle,on_beach,vehicle
motorcycle\on_beach\24.jpg,motorcycle,on_beach,vehicle
motorcycle\on_beach\29.jpg,motorcycle,on_beach,vehicle
motorcycle\on_beach\3.jpg,motorcycle,on_beach,vehicle
motorcycle\on_beach\30.jpg,motorcycle,on_beach,vehicle
motorcycle\on_beach\33.jpg,motorcycle,on_beach,vehicle
motorcycle\on_beach\36.jpg,motorcycle,on_beach,vehicle
motorcycle\on_beach\39.jpg,motorcycle,on_beach,vehicle
motorcycle\on_beach\4.jpg,motorcycle,on_beach,vehicle
motorcycle\on_beach\40.jpg,motorcycle,on_beach,vehicle
motorcycle\on_beach\43.jpg,motorcycle,on_beach,vehicle
motorcycle\on_beach\49.jpg,motorcycle,on_beach,vehicle
motorcycle\on_beach\5.png,motorcycle,on_beach,vehicle
motorcycle\on_beach\50.jpg,motorcycle,on_beach,vehicle
motorcycle\on_beach\51.jpg,motorcycle,on_beach,vehicle
motorcycle\on_beach\52.jpg,motorcycle,on_beach,vehicle
motorcycle\on_beach\55.jpg,motorcycle,on_beach,vehicle
motorcycle\on_beach\6.jpg,motorcycle,on_beach,vehicle
motorcycle\on_beach\61.jpg,motorcycle,on_beach,vehicle
motorcycle\on_beach\62.jpg,motorcycle,on_beach,vehicle
motorcycle\on_beach\63.jpg,motorcycle,on_beach,vehicle
motorcycle\on_beach\65.jpg,motorcycle,on_beach,vehicle
motorcycle\on_beach\68.jpg,motorcycle,on_beach,vehicle
motorcycle\on_beach\7.jpg,motorcycle,on_beach,vehicle
motorcycle\on_beach\71.jpg,motorcycle,on_beach,vehicle
motorcycle\on_beach\72.jpg,motorcycle,on_beach,vehicle
motorcycle\on_beach\75.jpg,motorcycle,on_beach,vehicle
motorcycle\on_beach\76.jpg,motorcycle,on_beach,vehicle
motorcycle\on_beach\77.jpg,motorcycle,on_beach,vehicle
motorcycle\on_beach\80.jpg,motorcycle,on_beach,vehicle
motorcycle\on_beach\81.jpg,motorcycle,on_beach,vehicle
motorcycle\on_beach\82.png,motorcycle,on_beach,vehicle
motorcycle\on_beach\84.jpg,motorcycle,on_beach,vehicle
motorcycle\on_beach\86.jpg,motorcycle,on_beach,vehicle
motorcycle\on_beach\88.jpg,motorcycle,on_beach,vehicle
motorcycle\on_beach\90.jpg,motorcycle,on_beach,vehicle
motorcycle\on_beach\91.jpg,motorcycle,on_beach,vehicle
motorcycle\on_beach\94.jpg,motorcycle,on_beach,vehicle
motorcycle\on_beach\96.jpg,motorcycle,on_beach,vehicle
motorcycle\on_beach\98.jpg,motorcycle,on_beach,vehicle
motorcycle\on_beach\99.jpg,motorcycle,on_beach,vehicle
train\on_beach\10.jpg,train,on_beach,vehicle
train\on_beach\12.jpg,train,on_beach,vehicle
train\on_beach\15.jpg,train,on_beach,vehicle
train\on_beach\2.jpg,train,on_beach,vehicle
train\on_beach\20.jpg,train,on_beach,vehicle
train\on_beach\21.jpg,train,on_beach,vehicle
train\on_beach\22.jpg,train,on_beach,vehicle
train\on_beach\23.jpg,train,on_beach,vehicle
train\on_beach\24.jpg,train,on_beach,vehicle
train\on_beach\25.jpg,train,on_beach,vehicle
train\on_beach\26.jpg,train,on_beach,vehicle
train\on_beach\27.jpg,train,on_beach,vehicle
train\on_beach\28.jpg,train,on_beach,vehicle
train\on_beach\31.jpg,train,on_beach,vehicle
train\on_beach\33.jpg,train,on_beach,vehicle
train\on_beach\36.jpg,train,on_beach,vehicle
train\on_beach\37.jpg,train,on_beach,vehicle
train\on_beach\39.jpg,train,on_beach,vehicle
train\on_beach\40.jpg,train,on_beach,vehicle
train\on_beach\41.jpg,train,on_beach,vehicle
train\on_beach\44.jpeg,train,on_beach,vehicle
train\on_beach\5.jpg,train,on_beach,vehicle
train\on_beach\6.jpg,train,on_beach,vehicle
train\on_beach\7.jpg,train,on_beach,vehicle
truck\on_beach\10.jpg,truck,on_beach,vehicle
truck\on_beach\11.jpg,truck,on_beach,vehicle
truck\on_beach\13.jpg,truck,on_beach,vehicle
truck\on_beach\20.jpg,truck,on_beach,vehicle
truck\on_beach\21.jpg,truck,on_beach,vehicle
truck\on_beach\23.jpg,truck,on_beach,vehicle
truck\on_beach\24.jpg,truck,on_beach,vehicle
truck\on_beach\25.jpg,truck,on_beach,vehicle
truck\on_beach\28.jpg,truck,on_beach,vehicle
truck\on_beach\29.jpg,truck,on_beach,vehicle
truck\on_beach\3.jpg,truck,on_beach,vehicle
truck\on_beach\30.jpg,truck,on_beach,vehicle
truck\on_beach\31.jpg,truck,on_beach,vehicle
truck\on_beach\32.jpg,truck,on_beach,vehicle
truck\on_beach\36.jpg,truck,on_beach,vehicle
truck\on_beach\40.jpg,truck,on_beach,vehicle
truck\on_beach\48.jpg,truck,on_beach,vehicle
truck\on_beach\49.jpg,truck,on_beach,vehicle
truck\on_beach\50.jpg,truck,on_beach,vehicle
truck\on_beach\51.jpg,truck,on_beach,vehicle
truck\on_beach\59.jpg,truck,on_beach,vehicle
truck\on_beach\60.jpg,truck,on_beach,vehicle
truck\on_beach\66.jpg,truck,on_beach,vehicle
truck\on_beach\67.jpg,truck,on_beach,vehicle
truck\on_beach\68.jpg,truck,on_beach,vehicle
truck\on_beach\70.jpg,truck,on_beach,vehicle
truck\on_beach\73.jpg,truck,on_beach,vehicle
truck\on_beach\79.jpg,truck,on_beach,vehicle
truck\on_beach\80.jpg,truck,on_beach,vehicle
truck\on_beach\84.jpg,truck,on_beach,vehicle
truck\on_beach\85.jpg,truck,on_beach,vehicle
truck\on_beach\87.jpg,truck,on_beach,vehicle
truck\on_beach\92.jpg,truck,on_beach,vehicle
truck\on_beach\93.jpg,truck,on_beach,vehicle
truck\on_beach\96.jpg,truck,on_beach,vehicle
truck\on_beach\97.jpg,truck,on_beach,vehicle
bird\on_grass\108.jpg,bird,on_grass,animal
bird\on_grass\11.jpg,bird,on_grass,animal
bird\on_grass\114.jpg,bird,on_grass,animal
bird\on_grass\116.jpg,bird,on_grass,animal
bird\on_grass\119.jpg,bird,on_grass,animal
bird\on_grass\120.jpg,bird,on_grass,animal
bird\on_grass\122.jpg,bird,on_grass,animal
bird\on_grass\124.jpg,bird,on_grass,animal
bird\on_grass\125.jpg,bird,on_grass,animal
bird\on_grass\127.jpeg,bird,on_grass,animal
bird\on_grass\132.jpg,bird,on_grass,animal
bird\on_grass\135.jpg,bird,on_grass,animal
bird\on_grass\137.jpg,bird,on_grass,animal
bird\on_grass\138.jpg,bird,on_grass,animal
bird\on_grass\14.jpg,bird,on_grass,animal
bird\on_grass\140.jpg,bird,on_grass,animal
bird\on_grass\146.jpg,bird,on_grass,animal
bird\on_grass\151.jpg,bird,on_grass,animal
bird\on_grass\161.jpg,bird,on_grass,animal
bird\on_grass\163.jpg,bird,on_grass,animal
bird\on_grass\166.jpg,bird,on_grass,animal
bird\on_grass\170.jpg,bird,on_grass,animal
bird\on_grass\176.png,bird,on_grass,animal
bird\on_grass\178.jpg,bird,on_grass,animal
bird\on_grass\179.jpg,bird,on_grass,animal
bird\on_grass\180.jpg,bird,on_grass,animal
bird\on_grass\181.jpg,bird,on_grass,animal
bird\on_grass\182.jpg,bird,on_grass,animal
bird\on_grass\195.jpg,bird,on_grass,animal
bird\on_grass\197.jpg,bird,on_grass,animal
bird\on_grass\2.jpg,bird,on_grass,animal
bird\on_grass\201.jpg,bird,on_grass,animal
bird\on_grass\207.jpg,bird,on_grass,animal
bird\on_grass\208.jpg,bird,on_grass,animal
bird\on_grass\211.jpg,bird,on_grass,animal
bird\on_grass\212.jpg,bird,on_grass,animal
bird\on_grass\219.jpg,bird,on_grass,animal
bird\on_grass\221.jpg,bird,on_grass,animal
bird\on_grass\225.jpg,bird,on_grass,animal
bird\on_grass\235.jpg,bird,on_grass,animal
bird\on_grass\240.jpg,bird,on_grass,animal
bird\on_grass\245.jpg,bird,on_grass,animal
bird\on_grass\246.jpg,bird,on_grass,animal
bird\on_grass\29.jpg,bird,on_grass,animal
bird\on_grass\33.jpg,bird,on_grass,animal
bird\on_grass\36.jpg,bird,on_grass,animal
bird\on_grass\39.jpg,bird,on_grass,animal
bird\on_grass\41.jpg,bird,on_grass,animal
bird\on_grass\43.jpg,bird,on_grass,animal
bird\on_grass\44.jpg,bird,on_grass,animal
bird\on_grass\45.jpg,bird,on_grass,animal
bird\on_grass\48.jpg,bird,on_grass,animal
bird\on_grass\5.jpg,bird,on_grass,animal
bird\on_grass\50.jpg,bird,on_grass,animal
bird\on_grass\51.jpg,bird,on_grass,animal
bird\on_grass\55.jpg,bird,on_grass,animal
bird\on_grass\58.jpg,bird,on_grass,animal
bird\on_grass\60.jpg,bird,on_grass,animal
bird\on_grass\65.jpg,bird,on_grass,animal
bird\on_grass\66.jpg,bird,on_grass,animal
bird\on_grass\73.png,bird,on_grass,animal
bird\on_grass\75.jpg,bird,on_grass,animal
bird\on_grass\79.jpg,bird,on_grass,animal
bird\on_grass\91.jpg,bird,on_grass,animal
bird\on_grass\93.jpg,bird,on_grass,animal
bird\on_grass\95.jpg,bird,on_grass,animal
bird\on_grass\96.jpg,bird,on_grass,animal
bird\on_grass\98.jpg,bird,on_grass,animal
cat\on_grass\100.jpg,cat,on_grass,animal
cat\on_grass\102.jpg,cat,on_grass,animal
cat\on_grass\103.jpg,cat,on_grass,animal
cat\on_grass\104.jpg,cat,on_grass,animal
cat\on_grass\112.jpg,cat,on_grass,animal
cat\on_grass\115.jpg,cat,on_grass,animal
cat\on_grass\116.jpg,cat,on_grass,animal
cat\on_grass\117.jpg,cat,on_grass,animal
cat\on_grass\119.jpg,cat,on_grass,animal
cat\on_grass\120.jpg,cat,on_grass,animal
cat\on_grass\121.jpg,cat,on_grass,animal
cat\on_grass\122.jpg,cat,on_grass,animal
cat\on_grass\132.jpg,cat,on_grass,animal
cat\on_grass\135.jpg,cat,on_grass,animal
cat\on_grass\141.jpg,cat,on_grass,animal
cat\on_grass\16.png,cat,on_grass,animal
cat\on_grass\17.jpg,cat,on_grass,animal
cat\on_grass\2.jpg,cat,on_grass,animal
cat\on_grass\23.jpg,cat,on_grass,animal
cat\on_grass\29.jpg,cat,on_grass,animal
cat\on_grass\31.jpg,cat,on_grass,animal
cat\on_grass\33.jpg,cat,on_grass,animal
cat\on_grass\35.jpg,cat,on_grass,animal
cat\on_grass\42.jpg,cat,on_grass,animal
cat\on_grass\50.jpg,cat,on_grass,animal
cat\on_grass\55.jpg,cat,on_grass,animal
cat\on_grass\67.jpg,cat,on_grass,animal
cat\on_grass\68.jpg,cat,on_grass,animal
cat\on_grass\7.jpg,cat,on_grass,animal
cat\on_grass\71.jpg,cat,on_grass,animal
cat\on_grass\73.jpg,cat,on_grass,animal
cat\on_grass\74.jpg,cat,on_grass,animal
cat\on_grass\77.jpg,cat,on_grass,animal
cat\on_grass\79.jpg,cat,on_grass,animal
cat\on_grass\81.jpg,cat,on_grass,animal
cat\on_grass\83.jpg,cat,on_grass,animal
cat\on_grass\87.jpg,cat,on_grass,animal
cat\on_grass\91.jpg,cat,on_grass,animal
cat\on_grass\94.jpg,cat,on_grass,animal
cat\on_grass\98.jpg,cat,on_grass,animal
cat\on_grass\99.jpg,cat,on_grass,animal
cow\on_grass\0.jpg,cow,on_grass,animal
cow\on_grass\101.jpg,cow,on_grass,animal
cow\on_grass\11.jpg,cow,on_grass,animal
cow\on_grass\119.jpg,cow,on_grass,animal
cow\on_grass\12.jpg,cow,on_grass,animal
cow\on_grass\122.jpg,cow,on_grass,animal
cow\on_grass\123.jpg,cow,on_grass,animal
cow\on_grass\130.jpg,cow,on_grass,animal
cow\on_grass\136.jpg,cow,on_grass,animal
cow\on_grass\137.jpg,cow,on_grass,animal
cow\on_grass\139.jpg,cow,on_grass,animal
cow\on_grass\14.jpg,cow,on_grass,animal
cow\on_grass\142.jpg,cow,on_grass,animal
cow\on_grass\144.jpg,cow,on_grass,animal
cow\on_grass\147.jpeg,cow,on_grass,animal
cow\on_grass\16.jpg,cow,on_grass,animal
cow\on_grass\17.jpg,cow,on_grass,animal
cow\on_grass\18.jpg,cow,on_grass,animal
cow\on_grass\20.jpg,cow,on_grass,animal
cow\on_grass\22.jpg,cow,on_grass,animal
cow\on_grass\35.jpg,cow,on_grass,animal
cow\on_grass\40.jpg,cow,on_grass,animal
cow\on_grass\42.jpg,cow,on_grass,animal
cow\on_grass\44.jpg,cow,on_grass,animal
cow\on_grass\49.jpg,cow,on_grass,animal
cow\on_grass\51.jpg,cow,on_grass,animal
cow\on_grass\52.jpg,cow,on_grass,animal
cow\on_grass\55.jpeg,cow,on_grass,animal
cow\on_grass\57.jpg,cow,on_grass,animal
cow\on_grass\62.jpg,cow,on_grass,animal
cow\on_grass\68.jpg,cow,on_grass,animal
cow\on_grass\74.jpg,cow,on_grass,animal
cow\on_grass\77.jpg,cow,on_grass,animal
cow\on_grass\83.jpg,cow,on_grass,animal
cow\on_grass\84.jpg,cow,on_grass,animal
cow\on_grass\91.jpg,cow,on_grass,animal
cow\on_grass\93.jpg,cow,on_grass,animal
cow\on_grass\94.jpg,cow,on_grass,animal
cow\on_grass\96.jpg,cow,on_grass,animal
dog\on_grass\103.jpg,dog,on_grass,animal
dog\on_grass\11.png,dog,on_grass,animal
dog\on_grass\112.jpg,dog,on_grass,animal
dog\on_grass\117.jpg,dog,on_grass,animal
dog\on_grass\12.jpg,dog,on_grass,animal
dog\on_grass\121.jpg,dog,on_grass,animal
dog\on_grass\123.jpg,dog,on_grass,animal
dog\on_grass\126.jpg,dog,on_grass,animal
dog\on_grass\132.jpg,dog,on_grass,animal
dog\on_grass\134.jpg,dog,on_grass,animal
dog\on_grass\137.jpg,dog,on_grass,animal
dog\on_grass\138.jpg,dog,on_grass,animal
dog\on_grass\141.png,dog,on_grass,animal
dog\on_grass\144.jpg,dog,on_grass,animal
dog\on_grass\150.jpg,dog,on_grass,animal
dog\on_grass\157.jpg,dog,on_grass,animal
dog\on_grass\159.jpg,dog,on_grass,animal
dog\on_grass\16.jpg,dog,on_grass,animal
dog\on_grass\2.jpg,dog,on_grass,animal
dog\on_grass\25.jpg,dog,on_grass,animal
dog\on_grass\30.jpg,dog,on_grass,animal
dog\on_grass\32.jpg,dog,on_grass,animal
dog\on_grass\33.jpg,dog,on_grass,animal
dog\on_grass\34.jpg,dog,on_grass,animal
dog\on_grass\38.jpg,dog,on_grass,animal
dog\on_grass\43.jpg,dog,on_grass,animal
dog\on_grass\45.jpg,dog,on_grass,animal
dog\on_grass\47.jpg,dog,on_grass,animal
dog\on_grass\5.jpg,dog,on_grass,animal
dog\on_grass\50.jpg,dog,on_grass,animal
dog\on_grass\53.jpg,dog,on_grass,animal
dog\on_grass\55.jpg,dog,on_grass,animal
dog\on_grass\56.jpg,dog,on_grass,animal
dog\on_grass\57.jpg,dog,on_grass,animal
dog\on_grass\59.jpg,dog,on_grass,animal
dog\on_grass\63.jpg,dog,on_grass,animal
dog\on_grass\65.jpg,dog,on_grass,animal
dog\on_grass\68.jpg,dog,on_grass,animal
dog\on_grass\7.jpg,dog,on_grass,animal
dog\on_grass\89.jpg,dog,on_grass,animal
dog\on_grass\93.jpg,dog,on_grass,animal
dog\on_grass\94.jpeg,dog,on_grass,animal
elephant\on_grass\100.jpg,elephant,on_grass,animal
elephant\on_grass\101.jpg,elephant,on_grass,animal
elephant\on_grass\13.jpg,elephant,on_grass,animal
elephant\on_grass\14.jpg,elephant,on_grass,animal
elephant\on_grass\15.jpg,elephant,on_grass,animal
elephant\on_grass\16.jpg,elephant,on_grass,animal
elephant\on_grass\19.jpg,elephant,on_grass,animal
elephant\on_grass\21.jpg,elephant,on_grass,animal
elephant\on_grass\31.png,elephant,on_grass,animal
elephant\on_grass\37.jpg,elephant,on_grass,animal
elephant\on_grass\38.jpg,elephant,on_grass,animal
elephant\on_grass\4.jpg,elephant,on_grass,animal
elephant\on_grass\42.jpg,elephant,on_grass,animal
elephant\on_grass\44.jpg,elephant,on_grass,animal
elephant\on_grass\54.jpg,elephant,on_grass,animal
elephant\on_grass\59.jpg,elephant,on_grass,animal
elephant\on_grass\62.jpg,elephant,on_grass,animal
elephant\on_grass\67.jpg,elephant,on_grass,animal
elephant\on_grass\69.jpg,elephant,on_grass,animal
elephant\on_grass\72.jpg,elephant,on_grass,animal
elephant\on_grass\75.jpg,elephant,on_grass,animal
elephant\on_grass\78.jpg,elephant,on_grass,animal
elephant\on_grass\80.jpg,elephant,on_grass,animal
elephant\on_grass\82.jpg,elephant,on_grass,animal
elephant\on_grass\86.jpg,elephant,on_grass,animal
elephant\on_grass\95.jpg,elephant,on_grass,animal
elephant\on_grass\96.jpg,elephant,on_grass,animal
horse\on_grass\100.jpg,horse,on_grass,animal
horse\on_grass\101.jpg,horse,on_grass,animal
horse\on_grass\104.jpg,horse,on_grass,animal
horse\on_grass\107.jpeg,horse,on_grass,animal
horse\on_grass\108.jpg,horse,on_grass,animal
horse\on_grass\109.jpg,horse,on_grass,animal
horse\on_grass\11.jpg,horse,on_grass,animal
horse\on_grass\112.jpg,horse,on_grass,animal
horse\on_grass\116.jpg,horse,on_grass,animal
horse\on_grass\12.jpg,horse,on_grass,animal
horse\on_grass\123.jpg,horse,on_grass,animal
horse\on_grass\124.jpg,horse,on_grass,animal
horse\on_grass\125.jpg,horse,on_grass,animal
horse\on_grass\13.jpg,horse,on_grass,animal
horse\on_grass\130.jpg,horse,on_grass,animal
horse\on_grass\137.jpg,horse,on_grass,animal
horse\on_grass\141.jpg,horse,on_grass,animal
horse\on_grass\144.jpg,horse,on_grass,animal
horse\on_grass\146.jpg,horse,on_grass,animal
horse\on_grass\149.jpg,horse,on_grass,animal
horse\on_grass\15.jpg,horse,on_grass,animal
horse\on_grass\151.jpg,horse,on_grass,animal
horse\on_grass\158.jpg,horse,on_grass,animal
horse\on_grass\164.jpg,horse,on_grass,animal
horse\on_grass\165.jpg,horse,on_grass,animal
horse\on_grass\2.jpg,horse,on_grass,animal
horse\on_grass\22.jpg,horse,on_grass,animal
horse\on_grass\24.jpg,horse,on_grass,animal
horse\on_grass\27.jpg,horse,on_grass,animal
horse\on_grass\28.jpg,horse,on_grass,animal
horse\on_grass\37.jpg,horse,on_grass,animal
horse\on_grass\38.jpg,horse,on_grass,animal
horse\on_grass\39.jpg,horse,on_grass,animal
horse\on_grass\45.jpg,horse,on_grass,animal
horse\on_grass\46.jpeg,horse,on_grass,animal
horse\on_grass\47.jpg,horse,on_grass,animal
horse\on_grass\48.jpg,horse,on_grass,animal
horse\on_grass\52.jpg,horse,on_grass,animal
horse\on_grass\54.jpg,horse,on_grass,animal
horse\on_grass\56.jpg,horse,on_grass,animal
horse\on_grass\6.jpg,horse,on_grass,animal
horse\on_grass\60.jpg,horse,on_grass,animal
horse\on_grass\61.jpg,horse,on_grass,animal
horse\on_grass\63.jpg,horse,on_grass,animal
horse\on_grass\64.jpg,horse,on_grass,animal
horse\on_grass\66.jpg,horse,on_grass,animal
horse\on_grass\69.jpg,horse,on_grass,animal
horse\on_grass\71.jpg,horse,on_grass,animal
horse\on_grass\72.jpg,horse,on_grass,animal
horse\on_grass\79.jpg,horse,on_grass,animal
horse\on_grass\83.png,horse,on_grass,animal
horse\on_grass\87.jpg,horse,on_grass,animal
horse\on_grass\9.jpg,horse,on_grass,animal
horse\on_grass\90.jpg,horse,on_grass,animal
monkey\on_grass\0.jpg,monkey,on_grass,animal
monkey\on_grass\102.jpg,monkey,on_grass,animal
monkey\on_grass\105.jpg,monkey,on_grass,animal
monkey\on_grass\17.jpg,monkey,on_grass,animal
monkey\on_grass\19.jpg,monkey,on_grass,animal
monkey\on_grass\2.jpg,monkey,on_grass,animal
monkey\on_grass\20.jpg,monkey,on_grass,animal
monkey\on_grass\26.jpg,monkey,on_grass,animal
monkey\on_grass\27.jpg,monkey,on_grass,animal
monkey\on_grass\28.jpg,monkey,on_grass,animal
monkey\on_grass\32.jpg,monkey,on_grass,animal
monkey\on_grass\33.jpg,monkey,on_grass,animal
monkey\on_grass\35.jpg,monkey,on_grass,animal
monkey\on_grass\36.jpg,monkey,on_grass,animal
monkey\on_grass\39.jpg,monkey,on_grass,animal
monkey\on_grass\4.jpg,monkey,on_grass,animal
monkey\on_grass\40.jpg,monkey,on_grass,animal
monkey\on_grass\42.jpg,monkey,on_grass,animal
monkey\on_grass\44.jpg,monkey,on_grass,animal
monkey\on_grass\5.jpg,monkey,on_grass,animal
monkey\on_grass\55.jpg,monkey,on_grass,animal
monkey\on_grass\59.jpg,monkey,on_grass,animal
monkey\on_grass\60.jpg,monkey,on_grass,animal
monkey\on_grass\61.jpg,monkey,on_grass,animal
monkey\on_grass\63.jpg,monkey,on_grass,animal
monkey\on_grass\64.jpg,monkey,on_grass,animal
monkey\on_grass\69.jpg,monkey,on_grass,animal
monkey\on_grass\71.jpg,monkey,on_grass,animal
monkey\on_grass\73.jpg,monkey,on_grass,animal
monkey\on_grass\74.jpg,monkey,on_grass,animal
monkey\on_grass\80.jpg,monkey,on_grass,animal
monkey\on_grass\85.jpg,monkey,on_grass,animal
monkey\on_grass\96.jpg,monkey,on_grass,animal
monkey\on_grass\97.jpg,monkey,on_grass,animal
monkey\on_grass\98.jpg,monkey,on_grass,animal
rat\on_grass\1.jpg,rat,on_grass,animal
rat\on_grass\104.jpg,rat,on_grass,animal
rat\on_grass\106.jpg,rat,on_grass,animal
rat\on_grass\107.jpg,rat,on_grass,animal
rat\on_grass\113.jpg,rat,on_grass,animal
rat\on_grass\115.jpg,rat,on_grass,animal
rat\on_grass\118.jpg,rat,on_grass,animal
rat\on_grass\120.png,rat,on_grass,animal
rat\on_grass\14.jpg,rat,on_grass,animal
rat\on_grass\16.jpg,rat,on_grass,animal
rat\on_grass\17.jpg,rat,on_grass,animal
rat\on_grass\22.jpg,rat,on_grass,animal
rat\on_grass\23.jpg,rat,on_grass,animal
rat\on_grass\28.jpg,rat,on_grass,animal
rat\on_grass\3.jpg,rat,on_grass,animal
rat\on_grass\30.jpg,rat,on_grass,animal
rat\on_grass\31.jpg,rat,on_grass,animal
rat\on_grass\34.jpg,rat,on_grass,animal
rat\on_grass\35.jpg,rat,on_grass,animal
rat\on_grass\42.jpg,rat,on_grass,animal
rat\on_grass\47.jpg,rat,on_grass,animal
rat\on_grass\49.jpg,rat,on_grass,animal
rat\on_grass\52.jpg,rat,on_grass,animal
rat\on_grass\54.jpg,rat,on_grass,animal
rat\on_grass\56.jpg,rat,on_grass,animal
rat\on_grass\6.jpg,rat,on_grass,animal
rat\on_grass\60.jpg,rat,on_grass,animal
rat\on_grass\61.jpg,rat,on_grass,animal
rat\on_grass\67.jpg,rat,on_grass,animal
rat\on_grass\7.jpg,rat,on_grass,animal
rat\on_grass\74.jpg,rat,on_grass,animal
rat\on_grass\78.jpg,rat,on_grass,animal
rat\on_grass\79.jpg,rat,on_grass,animal
rat\on_grass\81.jpg,rat,on_grass,animal
rat\on_grass\84.jpg,rat,on_grass,animal
rat\on_grass\85.jpg,rat,on_grass,animal
rat\on_grass\89.jpg,rat,on_grass,animal
rat\on_grass\92.jpg,rat,on_grass,animal
rat\on_grass\94.jpg,rat,on_grass,animal
rat\on_grass\96.jpg,rat,on_grass,animal
rat\on_grass\99.jpg,rat,on_grass,animal
sheep\on_grass\10.jpg,sheep,on_grass,animal
sheep\on_grass\100.jpg,sheep,on_grass,animal
sheep\on_grass\101.jpg,sheep,on_grass,animal
sheep\on_grass\103.jpg,sheep,on_grass,animal
sheep\on_grass\104.jpg,sheep,on_grass,animal
sheep\on_grass\109.jpg,sheep,on_grass,animal
sheep\on_grass\11.jpg,sheep,on_grass,animal
sheep\on_grass\115.jpg,sheep,on_grass,animal
sheep\on_grass\116.jpg,sheep,on_grass,animal
sheep\on_grass\119.jpg,sheep,on_grass,animal
sheep\on_grass\120.jpg,sheep,on_grass,animal
sheep\on_grass\121.jpg,sheep,on_grass,animal
sheep\on_grass\122.jpg,sheep,on_grass,animal
sheep\on_grass\134.jpeg,sheep,on_grass,animal
sheep\on_grass\16.jpg,sheep,on_grass,animal
sheep\on_grass\17.jpg,sheep,on_grass,animal
sheep\on_grass\18.png,sheep,on_grass,animal
sheep\on_grass\20.jpg,sheep,on_grass,animal
sheep\on_grass\24.png,sheep,on_grass,animal
sheep\on_grass\25.jpg,sheep,on_grass,animal
sheep\on_grass\27.jpg,sheep,on_grass,animal
sheep\on_grass\31.jpg,sheep,on_grass,animal
sheep\on_grass\33.jpg,sheep,on_grass,animal
sheep\on_grass\35.jpg,sheep,on_grass,animal
sheep\on_grass\38.jpg,sheep,on_grass,animal
sheep\on_grass\40.jpg,sheep,on_grass,animal
sheep\on_grass\41.jpg,sheep,on_grass,animal
sheep\on_grass\42.jpg,sheep,on_grass,animal
sheep\on_grass\48.jpg,sheep,on_grass,animal
sheep\on_grass\50.jpg,sheep,on_grass,animal
sheep\on_grass\51.jpg,sheep,on_grass,animal
sheep\on_grass\56.jpg,sheep,on_grass,animal
sheep\on_grass\61.jpg,sheep,on_grass,animal
sheep\on_grass\66.jpg,sheep,on_grass,animal
sheep\on_grass\7.jpg,sheep,on_grass,animal
sheep\on_grass\72.jpg,sheep,on_grass,animal
sheep\on_grass\73.jpg,sheep,on_grass,animal
sheep\on_grass\75.jpg,sheep,on_grass,animal
sheep\on_grass\8.jpg,sheep,on_grass,animal
sheep\on_grass\82.jpg,sheep,on_grass,animal
sheep\on_grass\84.jpg,sheep,on_grass,animal
sheep\on_grass\88.jpg,sheep,on_grass,animal
sheep\on_grass\92.jpg,sheep,on_grass,animal
airplane\on_grass\37.jpg,airplane,on_grass,vehicle
airplane\on_grass\4.jpg,airplane,on_grass,vehicle
bicycle\on_grass\10.jpg,bicycle,on_grass,vehicle
bicycle\on_grass\128.jpg,bicycle,on_grass,vehicle
bicycle\on_grass\166.jpg,bicycle,on_grass,vehicle
bicycle\on_grass\20.jpg,bicycle,on_grass,vehicle
bicycle\on_grass\211.jpg,bicycle,on_grass,vehicle
bicycle\on_grass\215.jpg,bicycle,on_grass,vehicle
bicycle\on_grass\93.jpg,bicycle,on_grass,vehicle
helicopter\on_grass\112.jpg,helicopter,on_grass,vehicle
helicopter\on_grass\14.jpg,helicopter,on_grass,vehicle
helicopter\on_grass\4.jpg,helicopter,on_grass,vehicle
helicopter\on_grass\52.jpg,helicopter,on_grass,vehicle
helicopter\on_grass\68.jpg,helicopter,on_grass,vehicle
helicopter\on_grass\73.jpg,helicopter,on_grass,vehicle
motorcycle\on_grass\100.jpg,motorcycle,on_grass,vehicle
motorcycle\on_grass\25.jpg,motorcycle,on_grass,vehicle
motorcycle\on_grass\77.jpg,motorcycle,on_grass,vehicle
truck\on_grass\28.jpg,truck,on_grass,vehicle
truck\on_grass\70.png,truck,on_grass,vehicle
