bear\on_snow\113.jpg,bear,on_snow,animal
bear\on_snow\18.jpg,bear,on_snow,animal
bear\on_snow\2.jpg,bear,on_snow,animal
bear\on_snow\60.jpg,bear,on_snow,animal
bear\on_snow\69.jpg,bear,on_snow,animal
bear\on_snow\7.jpg,bear,on_snow,animal
cat\on_snow\100.jpg,cat,on_snow,animal
cat\on_snow\118.jpg,cat,on_snow,animal
cat\on_snow\129.jpg,cat,on_snow,animal
cow\on_snow\18.jpg,cow,on_snow,animal
cow\on_snow\38.jpg,cow,on_snow,animal
cow\on_snow\86.jpg,cow,on_snow,animal
dog\on_snow\103.jpg,dog,on_snow,animal
dog\on_snow\108.jpg,dog,on_snow,animal
dog\on_snow\126.jpg,dog,on_snow,animal
dog\on_snow\22.jpg,dog,on_snow,animal
elephant\on_snow\44.jpg,elephant,on_snow,animal
elephant\on_snow\57.jpg,elephant,on_snow,animal
monkey\on_snow\32.jpg,monkey,on_snow,animal
monkey\on_snow\37.jpg,monkey,on_snow,animal
bicycle\on_snow\0.jpg,bicycle,on_snow,vehicle
bicycle\on_snow\1.jpg,bicycle,on_snow,vehicle
bicycle\on_snow\100.jpg,bicycle,on_snow,vehicle
bicycle\on_snow\101.jpg,bicycle,on_snow,vehicle
bicycle\on_snow\102.jpg,bicycle,on_snow,vehicle
bicycle\on_snow\103.jpg,bicycle,on_snow,vehicle
bicycle\on_snow\104.jpg,bicycle,on_snow,vehicle
bicycle\on_snow\106.png,bicycle,on_snow,vehicle
bicycle\on_snow\107.jpg,bicycle,on_snow,vehicle
bicycle\on_snow\108.jpg,bicycle,on_snow,vehicle
bicycle\on_snow\111.jpg,bicycle,on_snow,vehicle
bicycle\on_snow\113.jpg,bicycle,on_snow,vehicle
bicycle\on_snow\120.jpg,bicycle,on_snow,vehicle
bicycle\on_snow\126.jpg,bicycle,on_snow,vehicle
bicycle\on_snow\127.jpg,bicycle,on_snow,vehicle
bicycle\on_snow\128.jpg,bicycle,on_snow,vehicle
bicycle\on_snow\13.jpg,bicycle,on_snow,vehicle
bicycle\on_snow\131.jpg,bicycle,on_snow,vehicle
bicycle\on_snow\135.jpg,bicycle,on_snow,vehicle
bicycle\on_snow\136.jpg,bicycle,on_snow,vehicle
bicycle\on_snow\137.jpg,bicycle,on_snow,vehicle
bicycle\on_snow\138.jpg,bicycle,on_snow,vehicle
bicycle\on_snow\140.jpg,bicycle,on_snow,vehicle
bicycle\on_snow\144.jpg,bicycle,on_snow,vehicle
bicycle\on_snow\146.jpg,bicycle,on_snow,vehicle
bicycle\on_snow\147.jpg,bicycle,on_snow,vehicle
bicycle\on_snow\148.jpg,bicycle,on_snow,vehicle
bicycle\on_snow\151.jpg,bicycle,on_snow,vehicle
bicycle\on_snow\153.jpg,bicycle,on_snow,vehicle
bicycle\on_snow\154.jpg,bicycle,on_snow,vehicle
bicycle\on_snow\158.jpg,bicycle,on_snow,vehicle
bicycle\on_snow\164.jpg,bicycle,on_snow,vehicle
bicycle\on_snow\166.jpg,bicycle,on_snow,vehicle
bicycle\on_snow\167.jpg,bicycle,on_snow,vehicle
bicycle\on_snow\20.jpg,bicycle,on_snow,vehicle
bicycle\on_snow\24.jpg,bicycle,on_snow,vehicle
bicycle\on_snow\29.jpg,bicycle,on_snow,vehicle
bicycle\on_snow\3.png,bicycle,on_snow,vehicle
bicycle\on_snow\32.jpg,bicycle,on_snow,vehicle
bicycle\on_snow\35.jpg,bicycle,on_snow,vehicle
bicycle\on_snow\37.jpg,bicycle,on_snow,vehicle
bicycle\on_snow\38.jpg,bicycle,on_snow,vehicle
bicycle\on_snow\41.jpg,bicycle,on_snow,vehicle
bicycle\on_snow\44.jpg,bicycle,on_snow,vehicle
bicycle\on_snow\49.jpg,bicycle,on_snow,vehicle
bicycle\on_snow\51.jpg,bicycle,on_snow,vehicle
bicycle\on_snow\52.jpg,bicycle,on_snow,vehicle
bicycle\on_snow\53.jpg,bicycle,on_snow,vehicle
bicycle\on_snow\60.jpg,bicycle,on_snow,vehicle
bicycle\on_snow\61.jpg,bicycle,on_snow,vehicle
bicycle\on_snow\63.jpg,bicycle,on_snow,vehicle
bicycle\on_snow\66.jpg,bicycle,on_snow,vehicle
bicycle\on_snow\70.png,bicycle,on_snow,vehicle
bicycle\on_snow\75.jpg,bicycle,on_snow,vehicle
bicycle\on_snow\76.jpg,bicycle,on_snow,vehicle
bicycle\on_snow\78.jpg,bicycle,on_snow,vehicle
bicycle\on_snow\82.jpg,bicycle,on_snow,vehicle
bicycle\on_snow\89.jpg,bicycle,on_snow,vehicle
bicycle\on_snow\90.jpg,bicycle,on_snow,vehicle
bus\on_snow\105.jpg,bus,on_snow,vehicle
bus\on_snow\106.jpg,bus,on_snow,vehicle
bus\on_snow\108.jpg,bus,on_snow,vehicle
bus\on_snow\112.jpg,bus,on_snow,vehicle
bus\on_snow\118.jpg,bus,on_snow,vehicle
bus\on_snow\12.png,bus,on_snow,vehicle
bus\on_snow\120.jpg,bus,on_snow,vehicle
bus\on_snow\121.jpg,bus,on_snow,vehicle
bus\on_snow\122.jpg,bus,on_snow,vehicle
bus\on_snow\124.jpg,bus,on_snow,vehicle
bus\on_snow\125.jpg,bus,on_snow,vehicle
bus\on_snow\128.jpg,bus,on_snow,vehicle
bus\on_snow\14.jpg,bus,on_snow,vehicle
bus\on_snow\16.jpg,bus,on_snow,vehicle
bus\on_snow\17.jpg,bus,on_snow,vehicle
bus\on_snow\23.jpg,bus,on_snow,vehicle
bus\on_snow\24.jpg,bus,on_snow,vehicle
bus\on_snow\25.jpg,bus,on_snow,vehicle
bus\on_snow\31.jpg,bus,on_snow,vehicle
bus\on_snow\32.jpg,bus,on_snow,vehicle
bus\on_snow\34.jpg,bus,on_snow,vehicle
bus\on_snow\45.jpg,bus,on_snow,vehicle
bus\on_snow\5.jpg,bus,on_snow,vehicle
bus\on_snow\50.jpg,bus,on_snow,vehicle
bus\on_snow\52.jpg,bus,on_snow,vehicle
bus\on_snow\53.jpg,bus,on_snow,vehicle
bus\on_snow\55.jpg,bus,on_snow,vehicle
bus\on_snow\56.jpg,bus,on_snow,vehicle
bus\on_snow\60.jpg,bus,on_snow,vehicle
bus\on_snow\61.jpg,bus,on_snow,vehicle
bus\on_snow\67.jpg,bus,on_snow,vehicle
bus\on_snow\74.jpg,bus,on_snow,vehicle
bus\on_snow\75.jpg,bus,on_snow,vehicle
bus\on_snow\78.jpg,bus,on_snow,vehicle
bus\on_snow\79.jpg,bus,on_snow,vehicle
bus\on_snow\80.jpg,bus,on_snow,vehicle
bus\on_snow\81.jpg,bus,on_snow,vehicle
bus\on_snow\82.jpg,bus,on_snow,vehicle
bus\on_snow\83.png,bus,on_snow,vehicle
bus\on_snow\84.jpg,bus,on_snow,vehicle
bus\on_snow\85.jpg,bus,on_snow,vehicle
bus\on_snow\9.jpg,bus,on_snow,vehicle
bus\on_snow\91.jpg,bus,on_snow,vehicle
bus\on_snow\92.jpg,bus,on_snow,vehicle
bus\on_snow\93.jpg,bus,on_snow,vehicle
bus\on_snow\99.jpg,bus,on_snow,vehicle
car\on_snow\10.jpg,car,on_snow,vehicle
car\on_snow\100.jpg,car,on_snow,vehicle
car\on_snow\103.jpg,car,on_snow,vehicle
car\on_snow\105.jpg,car,on_snow,vehicle
car\on_snow\109.jpg,car,on_snow,vehicle
car\on_snow\111.jpg,car,on_snow,vehicle
car\on_snow\112.jpg,car,on_snow,vehicle
car\on_snow\113.jpg,car,on_snow,vehicle
car\on_snow\115.jpg,car,on_snow,vehicle
car\on_snow\12.jpg,car,on_snow,vehicle
car\on_snow\120.jpg,car,on_snow,vehicle
car\on_snow\123.jpg,car,on_snow,vehicle
car\on_snow\129.jpg,car,on_snow,vehicle
car\on_snow\13.jpg,car,on_snow,vehicle
car\on_snow\130.jpg,car,on_snow,vehicle
car\on_snow\131.jpg,car,on_snow,vehicle
car\on_snow\132.jpg,car,on_snow,vehicle
car\on_snow\133.jpg,car,on_snow,vehicle
car\on_snow\137.jpg,car,on_snow,vehicle
car\on_snow\138.jpeg,car,on_snow,vehicle
car\on_snow\139.jpg,car,on_snow,vehicle
car\on_snow\140.jpg,car,on_snow,vehicle
car\on_snow\142.jpg,car,on_snow,vehicle
car\on_snow\145.jpg,car,on_snow,vehicle
car\on_snow\147.jpg,car,on_snow,vehicle
car\on_snow\150.jpg,car,on_snow,vehicle
car\on_snow\156.jpg,car,on_snow,vehicle
car\on_snow\158.jpg,car,on_snow,vehicle
car\on_snow\159.jpg,car,on_snow,vehicle
car\on_snow\163.jpg,car,on_snow,vehicle
car\on_snow\164.jpg,car,on_snow,vehicle
car\on_snow\166.jpg,car,on_snow,vehicle
car\on_snow\167.jpg,car,on_snow,vehicle
car\on_snow\169.jpg,car,on_snow,vehicle
car\on_snow\173.jpg,car,on_snow,vehicle
car\on_snow\176.jpg,car,on_snow,vehicle
car\on_snow\178.jpg,car,on_snow,vehicle
car\on_snow\180.jpg,car,on_snow,vehicle
car\on_snow\182.jpg,car,on_snow,vehicle
car\on_snow\184.jpg,car,on_snow,vehicle
car\on_snow\186.jpg,car,on_snow,vehicle
car\on_snow\188.jpg,car,on_snow,vehicle
car\on_snow\2.jpg,car,on_snow,vehicle
car\on_snow\22.jpg,car,on_snow,vehicle
car\on_snow\23.jpg,car,on_snow,vehicle
car\on_snow\24.jpg,car,on_snow,vehicle
car\on_snow\26.jpg,car,on_snow,vehicle
car\on_snow\27.jpg,car,on_snow,vehicle
car\on_snow\29.jpg,car,on_snow,vehicle
car\on_snow\30.jpg,car,on_snow,vehicle
car\on_snow\36.jpg,car,on_snow,vehicle
car\on_snow\39.jpg,car,on_snow,vehicle
car\on_snow\40.jpg,car,on_snow,vehicle
car\on_snow\42.jpg,car,on_snow,vehicle
car\on_snow\52.jpg,car,on_snow,vehicle
car\on_snow\54.jpg,car,on_snow,vehicle
car\on_snow\56.jpg,car,on_snow,vehicle
car\on_snow\57.jpg,car,on_snow,vehicle
car\on_snow\65.jpg,car,on_snow,vehicle
car\on_snow\66.jpg,car,on_snow,vehicle
car\on_snow\67.jpg,car,on_snow,vehicle
car\on_snow\7.jpg,car,on_snow,vehicle
car\on_snow\71.jpg,car,on_snow,vehicle
car\on_snow\75.jpg,car,on_snow,vehicle
car\on_snow\84.jpg,car,on_snow,vehicle
helicopter\on_snow\0.jpg,helicopter,on_snow,vehicle
helicopter\on_snow\10.jpg,helicopter,on_snow,vehicle
helicopter\on_snow\100.jpg,helicopter,on_snow,vehicle
helicopter\on_snow\109.jpg,helicopter,on_snow,vehicle
helicopter\on_snow\11.jpg,helicopter,on_snow,vehicle
helicopter\on_snow\117.jpg,helicopter,on_snow,vehicle
helicopter\on_snow\119.jpg,helicopter,on_snow,vehicle
helicopter\on_snow\121.png,helicopter,on_snow,vehicle
helicopter\on_snow\122.jpg,helicopter,on_snow,vehicle
helicopter\on_snow\129.jpg,helicopter,on_snow,vehicle
helicopter\on_snow\130.jpg,helicopter,on_snow,vehicle
helicopter\on_snow\132.jpeg,helicopter,on_snow,vehicle
helicopter\on_snow\134.jpg,helicopter,on_snow,vehicle
helicopter\on_snow\140.jpg,helicopter,on_snow,vehicle
helicopter\on_snow\141.jpg,helicopter,on_snow,vehicle
helicopter\on_snow\143.jpg,helicopter,on_snow,vehicle
helicopter\on_snow\144.jpg,helicopter,on_snow,vehicle
helicopter\on_snow\146.jpg,helicopter,on_snow,vehicle
helicopter\on_snow\148.jpg,helicopter,on_snow,vehicle
helicopter\on_snow\15.jpg,helicopter,on_snow,vehicle
helicopter\on_snow\152.jpg,helicopter,on_snow,vehicle
helicopter\on_snow\158.jpg,helicopter,on_snow,vehicle
helicopter\on_snow\161.jpg,helicopter,on_snow,vehicle
helicopter\on_snow\162.jpg,helicopter,on_snow,vehicle
helicopter\on_snow\163.jpg,helicopter,on_snow,vehicle
helicopter\on_snow\165.jpg,helicopter,on_snow,vehicle
helicopter\on_snow\166.jpg,helicopter,on_snow,vehicle
helicopter\on_snow\168.jpg,helicopter,on_snow,vehicle
helicopter\on_snow\169.png,helicopter,on_snow,vehicle
helicopter\on_snow\170.jpg,helicopter,on_snow,vehicle
helicopter\on_snow\171.jpg,helicopter,on_snow,vehicle
helicopter\on_snow\172.jpg,helicopter,on_snow,vehicle
helicopter\on_snow\177.jpg,helicopter,on_snow,vehicle
helicopter\on_snow\2.jpg,helicopter,on_snow,vehicle
helicopter\on_snow\21.jpg,helicopter,on_snow,vehicle
helicopter\on_snow\25.jpg,helicopter,on_snow,vehicle
helicopter\on_snow\33.jpg,helicopter,on_snow,vehicle
helicopter\on_snow\37.jpg,helicopter,on_snow,vehicle
helicopter\on_snow\4.jpg,helicopter,on_snow,vehicle
helicopter\on_snow\40.jpg,helicopter,on_snow,vehicle
helicopter\on_snow\41.jpeg,helicopter,on_snow,vehicle
helicopter\on_snow\42.jpg,helicopter,on_snow,vehicle
helicopter\on_snow\43.jpg,helicopter,on_snow,vehicle
helicopter\on_snow\44.jpg,helicopter,on_snow,vehicle
helicopter\on_snow\47.jpg,helicopter,on_snow,vehicle
helicopter\on_snow\48.jpg,helicopter,on_snow,vehicle
helicopter\on_snow\5.jpg,helicopter,on_snow,vehicle
helicopter\on_snow\50.jpg,helicopter,on_snow,vehicle
helicopter\on_snow\58.jpg,helicopter,on_snow,vehicle
helicopter\on_snow\6.jpg,helicopter,on_snow,vehicle
helicopter\on_snow\62.jpg,helicopter,on_snow,vehicle
helicopter\on_snow\63.jpg,helicopter,on_snow,vehicle
helicopter\on_snow\64.jpg,helicopter,on_snow,vehicle
helicopter\on_snow\71.jpg,helicopter,on_snow,vehicle
helicopter\on_snow\74.jpg,helicopter,on_snow,vehicle
helicopter\on_snow\75.jpg,helicopter,on_snow,vehicle
helicopter\on_snow\82.jpg,helicopter,on_snow,vehicle
helicopter\on_snow\84.jpg,helicopter,on_snow,vehicle
helicopter\on_snow\87.jpg,helicopter,on_snow,vehicle
helicopter\on_snow\88.jpg,helicopter,on_snow,vehicle
helicopter\on_snow\89.jpg,helicopter,on_snow,vehicle
helicopter\on_snow\9.jpg,helicopter,on_snow,vehicle
helicopter\on_snow\93.jpg,helicopter,on_snow,vehicle
helicopter\on_snow\97.jpg,helicopter,on_snow,vehicle
helicopter\on_snow\98.jpg,helicopter,on_snow,vehicle
helicopter\on_snow\99.jpg,helicopter,on_snow,vehicle
motorcycle\on_snow\1.jpg,motorcycle,on_snow,vehicle
motorcycle\on_snow\10.jpg,motorcycle,on_snow,vehicle
motorcycle\on_snow\106.jpg,motorcycle,on_snow,vehicle
motorcycle\on_snow\109.jpg,motorcycle,on_snow,vehicle
motorcycle\on_snow\11.jpg,motorcycle,on_snow,vehicle
motorcycle\on_snow\110.jpg,motorcycle,on_snow,vehicle
motorcycle\on_snow\113.jpg,motorcycle,on_snow,vehicle
motorcycle\on_snow\118.jpg,motorcycle,on_snow,vehicle
motorcycle\on_snow\125.jpg,motorcycle,on_snow,vehicle
motorcycle\on_snow\126.jpg,motorcycle,on_snow,vehicle
motorcycle\on_snow\128.jpg,motorcycle,on_snow,vehicle
motorcycle\on_snow\129.jpg,motorcycle,on_snow,vehicle
motorcycle\on_snow\130.jpg,motorcycle,on_snow,vehicle
motorcycle\on_snow\131.jpg,motorcycle,on_snow,vehicle
motorcycle\on_snow\136.jpg,motorcycle,on_snow,vehicle
motorcycle\on_snow\16.jpg,motorcycle,on_snow,vehicle
motorcycle\on_snow\17.png,motorcycle,on_snow,vehicle
motorcycle\on_snow\2.jpg,motorcycle,on_snow,vehicle
motorcycle\on_snow\23.jpg,motorcycle,on_snow,vehicle
motorcycle\on_snow\26.jpg,motorcycle,on_snow,vehicle
motorcycle\on_snow\30.jpg,motorcycle,on_snow,vehicle
motorcycle\on_snow\31.jpg,motorcycle,on_snow,vehicle
motorcycle\on_snow\32.jpg,motorcycle,on_snow,vehicle
motorcycle\on_snow\33.jpg,motorcycle,on_snow,vehicle
motorcycle\on_snow\34.jpg,motorcycle,on_snow,vehicle
motorcycle\on_snow\35.jpg,motorcycle,on_snow,vehicle
motorcycle\on_snow\39.jpg,motorcycle,on_snow,vehicle
motorcycle\on_snow\4.jpg,motorcycle,on_snow,vehicle
motorcycle\on_snow\40.jpg,motorcycle,on_snow,vehicle
motorcycle\on_snow\43.jpg,motorcycle,on_snow,vehicle
motorcycle\on_snow\44.jpg,motorcycle,on_snow,vehicle
motorcycle\on_snow\46.jpg,motorcycle,on_snow,vehicle
motorcycle\on_snow\52.jpg,motorcycle,on_snow,vehicle
motorcycle\on_snow\53.jpg,motorcycle,on_snow,vehicle
motorcycle\on_snow\56.jpg,motorcycle,on_snow,vehicle
motorcycle\on_snow\57.jpg,motorcycle,on_snow,vehicle
motorcycle\on_snow\59.jpg,motorcycle,on_snow,vehicle
motorcycle\on_snow\61.jpg,motorcycle,on_snow,vehicle
motorcycle\on_snow\62.jpg,motorcycle,on_snow,vehicle
motorcycle\on_snow\65.jpg,motorcycle,on_snow,vehicle
motorcycle\on_snow\66.jpg,motorcycle,on_snow,vehicle
motorcycle\on_snow\67.jpg,motorcycle,on_snow,vehicle
motorcycle\on_snow\68.jpg,motorcycle,on_snow,vehicle
motorcycle\on_snow\71.jpg,motorcycle,on_snow,vehicle
motorcycle\on_snow\75.jpg,motorcycle,on_snow,vehicle
motorcycle\on_snow\79.jpg,motorcycle,on_snow,vehicle
motorcycle\on_snow\8.jpg,motorcycle,on_snow,vehicle
motorcycle\on_snow\86.jpg,motorcycle,on_snow,vehicle
motorcycle\on_snow\87.jpg,motorcycle,on_snow,vehicle
motorcycle\on_snow\88.jpg,motorcycle,on_snow,vehicle
motorcycle\on_snow\89.jpg,motorcycle,on_snow,vehicle
motorcycle\on_snow\90.jpg,motorcycle,on_snow,vehicle
motorcycle\on_snow\91.jpg,motorcycle,on_snow,vehicle
motorcycle\on_snow\95.jpeg,motorcycle,on_snow,vehicle
motorcycle\on_snow\97.jpg,motorcycle,on_snow,vehicle
motorcycle\on_snow\99.jpg,motorcycle,on_snow,vehicle
train\on_snow\10.jpg,train,on_snow,vehicle
train\on_snow\100.jpg,train,on_snow,vehicle
train\on_snow\101.jpg,train,on_snow,vehicle
train\on_snow\103.jpg,train,on_snow,vehicle
train\on_snow\106.jpg,train,on_snow,vehicle
train\on_snow\108.png,train,on_snow,vehicle
train\on_snow\113.jpg,train,on_snow,vehicle
train\on_snow\115.jpg,train,on_snow,vehicle
train\on_snow\119.jpg,train,on_snow,vehicle
train\on_snow\124.jpg,train,on_snow,vehicle
train\on_snow\126.jpg,train,on_snow,vehicle
train\on_snow\127.jpg,train,on_snow,vehicle
train\on_snow\128.jpg,train,on_snow,vehicle
train\on_snow\13.jpg,train,on_snow,vehicle
train\on_snow\18.jpg,train,on_snow,vehicle
train\on_snow\19.jpg,train,on_snow,vehicle
train\on_snow\20.jpg,train,on_snow,vehicle
train\on_snow\21.jpg,train,on_snow,vehicle
train\on_snow\23.jpg,train,on_snow,vehicle
train\on_snow\26.jpg,train,on_snow,vehicle
train\on_snow\33.jpg,train,on_snow,vehicle
train\on_snow\34.jpg,train,on_snow,vehicle
train\on_snow\37.jpg,train,on_snow,vehicle
train\on_snow\39.jpg,train,on_snow,vehicle
train\on_snow\4.jpg,train,on_snow,vehicle
train\on_snow\40.jpg,train,on_snow,vehicle
train\on_snow\42.jpeg,train,on_snow,vehicle
train\on_snow\45.jpg,train,on_snow,vehicle
train\on_snow\46.jpg,train,on_snow,vehicle
train\on_snow\49.jpg,train,on_snow,vehicle
train\on_snow\53.jpg,train,on_snow,vehicle
train\on_snow\57.jpg,train,on_snow,vehicle
train\on_snow\62.jpg,train,on_snow,vehicle
train\on_snow\63.jpg,train,on_snow,vehicle
train\on_snow\71.jpg,train,on_snow,vehicle
train\on_snow\72.jpg,train,on_snow,vehicle
train\on_snow\76.jpg,train,on_snow,vehicle
train\on_snow\81.jpg,train,on_snow,vehicle
train\on_snow\83.jpg,train,on_snow,vehicle
train\on_snow\84.jpg,train,on_snow,vehicle
train\on_snow\90.jpeg,train,on_snow,vehicle
train\on_snow\91.jpg,train,on_snow,vehicle
train\on_snow\92.jpg,train,on_snow,vehicle
train\on_snow\94.jpg,train,on_snow,vehicle
train\on_snow\95.jpg,train,on_snow,vehicle
train\on_snow\97.jpg,train,on_snow,vehicle
train\on_snow\99.jpg,train,on_snow,vehicle
truck\on_snow\100.jpg,truck,on_snow,vehicle
truck\on_snow\104.jpg,truck,on_snow,vehicle
truck\on_snow\105.jpg,truck,on_snow,vehicle
truck\on_snow\106.jpg,truck,on_snow,vehicle
truck\on_snow\107.jpg,truck,on_snow,vehicle
truck\on_snow\109.jpg,truck,on_snow,vehicle
truck\on_snow\110.jpg,truck,on_snow,vehicle
truck\on_snow\112.png,truck,on_snow,vehicle
truck\on_snow\114.jpg,truck,on_snow,vehicle
truck\on_snow\115.jpg,truck,on_snow,vehicle
truck\on_snow\13.jpg,truck,on_snow,vehicle
truck\on_snow\17.jpg,truck,on_snow,vehicle
truck\on_snow\21.jpg,truck,on_snow,vehicle
truck\on_snow\22.jpg,truck,on_snow,vehicle
truck\on_snow\23.jpg,truck,on_snow,vehicle
truck\on_snow\24.jpg,truck,on_snow,vehicle
truck\on_snow\26.png,truck,on_snow,vehicle
truck\on_snow\30.jpg,truck,on_snow,vehicle
truck\on_snow\32.jpg,truck,on_snow,vehicle
truck\on_snow\33.jpg,truck,on_snow,vehicle
truck\on_snow\34.jpg,truck,on_snow,vehicle
truck\on_snow\35.jpg,truck,on_snow,vehicle
truck\on_snow\37.jpg,truck,on_snow,vehicle
truck\on_snow\38.jpg,truck,on_snow,vehicle
truck\on_snow\40.jpg,truck,on_snow,vehicle
truck\on_snow\44.jpg,truck,on_snow,vehicle
truck\on_snow\46.jpg,truck,on_snow,vehicle
truck\on_snow\48.jpg,truck,on_snow,vehicle
truck\on_snow\49.jpg,truck,on_snow,vehicle
truck\on_snow\50.jpg,truck,on_snow,vehicle
truck\on_snow\51.jpg,truck,on_snow,vehicle
truck\on_snow\54.jpg,truck,on_snow,vehicle
truck\on_snow\55.jpg,truck,on_snow,vehicle
truck\on_snow\56.jpg,truck,on_snow,vehicle
truck\on_snow\59.jpg,truck,on_snow,vehicle
truck\on_snow\62.jpg,truck,on_snow,vehicle
truck\on_snow\64.jpg,truck,on_snow,vehicle
truck\on_snow\65.jpg,truck,on_snow,vehicle
truck\on_snow\66.jpg,truck,on_snow,vehicle
truck\on_snow\67.jpg,truck,on_snow,vehicle
truck\on_snow\70.jpg,truck,on_snow,vehicle
truck\on_snow\72.jpg,truck,on_snow,vehicle
truck\on_snow\76.jpg,truck,on_snow,vehicle
truck\on_snow\8.jpg,truck,on_snow,vehicle
truck\on_snow\85.jpg,truck,on_snow,vehicle
truck\on_snow\86.jpg,truck,on_snow,vehicle
truck\on_snow\87.jpg,truck,on_snow,vehicle
truck\on_snow\88.jpg,truck,on_snow,vehicle
truck\on_snow\93.jpg,truck,on_snow,vehicle
truck\on_snow\95.jpg,truck,on_snow,vehicle
truck\on_snow\97.jpg,truck,on_snow,vehicle
bear\in_forest\101.jpg,bear,in_forest,animal
bear\in_forest\102.jpg,bear,in_forest,animal
bear\in_forest\108.jpg,bear,in_forest,animal
bear\in_forest\109.jpg,bear,in_forest,animal
bear\in_forest\110.jpg,bear,in_forest,animal
bear\in_forest\112.jpg,bear,in_forest,animal
bear\in_forest\114.jpg,bear,in_forest,animal
bear\in_forest\115.jpg,bear,in_forest,animal
bear\in_forest\116.jpg,bear,in_forest,animal
bear\in_forest\12.jpg,bear,in_forest,animal
bear\in_forest\120.jpg,bear,in_forest,animal
bear\in_forest\121.jpg,bear,in_forest,animal
bear\in_forest\122.jpg,bear,in_forest,animal
bear\in_forest\123.jpg,bear,in_forest,animal
bear\in_forest\126.jpg,bear,in_forest,animal
bear\in_forest\127.jpg,bear,in_forest,animal
bear\in_forest\130.jpg,bear,in_forest,animal
bear\in_forest\133.jpg,bear,in_forest,animal
bear\in_forest\135.jpg,bear,in_forest,animal
bear\in_forest\137.jpg,bear,in_forest,animal
bear\in_forest\142.jpg,bear,in_forest,animal
bear\in_forest\165.jpg,bear,in_forest,animal
bear\in_forest\168.jpg,bear,in_forest,animal
bear\in_forest\17.jpg,bear,in_forest,animal
bear\in_forest\173.jpeg,bear,in_forest,animal
bear\in_forest\18.jpg,bear,in_forest,animal
bear\in_forest\180.jpg,bear,in_forest,animal
bear\in_forest\181.jpg,bear,in_forest,animal
bear\in_forest\183.jpg,bear,in_forest,animal
bear\in_forest\185.jpg,bear,in_forest,animal
bear\in_forest\186.jpg,bear,in_forest,animal
bear\in_forest\187.jpg,bear,in_forest,animal
bear\in_forest\189.jpg,bear,in_forest,animal
bear\in_forest\193.jpg,bear,in_forest,animal
bear\in_forest\195.jpg,bear,in_forest,animal
bear\in_forest\196.jpg,bear,in_forest,animal
bear\in_forest\197.jpg,bear,in_forest,animal
bear\in_forest\200.jpg,bear,in_forest,animal
bear\in_forest\201.jpg,bear,in_forest,animal
bear\in_forest\207.jpg,bear,in_forest,animal
bear\in_forest\214.jpg,bear,in_forest,animal
bear\in_forest\217.jpg,bear,in_forest,animal
bear\in_forest\219.jpg,bear,in_forest,animal
bear\in_forest\22.jpg,bear,in_forest,animal
bear\in_forest\220.jpg,bear,in_forest,animal
bear\in_forest\222.jpg,bear,in_forest,animal
bear\in_forest\225.jpg,bear,in_forest,animal
bear\in_forest\23.jpg,bear,in_forest,animal
bear\in_forest\230.jpg,bear,in_forest,animal
bear\in_forest\236.jpg,bear,in_forest,animal
bear\in_forest\238.jpg,bear,in_forest,animal
bear\in_forest\24.jpg,bear,in_forest,animal
bear\in_forest\246.jpg,bear,in_forest,animal
bear\in_forest\25.jpg,bear,in_forest,animal
bear\in_forest\30.jpg,bear,in_forest,animal
bear\in_forest\32.jpg,bear,in_forest,animal
bear\in_forest\34.jpg,bear,in_forest,animal
bear\in_forest\35.jpg,bear,in_forest,animal
bear\in_forest\36.jpg,bear,in_forest,animal
bear\in_forest\37.jpg,bear,in_forest,animal
bear\in_forest\4.jpg,bear,in_forest,animal
bear\in_forest\46.jpg,bear,in_forest,animal
bear\in_forest\47.jpg,bear,in_forest,animal
bear\in_forest\48.jpg,bear,in_forest,animal
bear\in_forest\49.jpg,bear,in_forest,animal
bear\in_forest\5.jpg,bear,in_forest,animal
bear\in_forest\52.jpg,bear,in_forest,animal
bear\in_forest\54.jpg,bear,in_forest,animal
bear\in_forest\55.jpg,bear,in_forest,animal
bear\in_forest\56.jpg,bear,in_forest,animal
bear\in_forest\60.jpg,bear,in_forest,animal
bear\in_forest\64.png,bear,in_forest,animal
bear\in_forest\66.jpg,bear,in_forest,animal
bear\in_forest\72.jpg,bear,in_forest,animal
bear\in_forest\74.jpg,bear,in_forest,animal
bear\in_forest\75.jpg,bear,in_forest,animal
bear\in_forest\78.jpg,bear,in_forest,animal
bear\in_forest\79.jpg,bear,in_forest,animal
bear\in_forest\8.jpg,bear,in_forest,animal
bear\in_forest\80.jpg,bear,in_forest,animal
bear\in_forest\82.jpg,bear,in_forest,animal
bear\in_forest\85.jpg,bear,in_forest,animal
bear\in_forest\87.jpg,bear,in_forest,animal
bear\in_forest\88.jpg,bear,in_forest,animal
bear\in_forest\95.jpg,bear,in_forest,animal
bear\in_forest\96.jpg,bear,in_forest,animal
bear\in_forest\97.jpg,bear,in_forest,animal
bear\in_forest\99.jpg,bear,in_forest,animal
cow\in_forest\100.jpg,cow,in_forest,animal
cow\in_forest\101.jpg,cow,in_forest,animal
cow\in_forest\104.jpg,cow,in_forest,animal
cow\in_forest\105.jpg,cow,in_forest,animal
cow\in_forest\106.jpeg,cow,in_forest,animal
cow\in_forest\107.jpg,cow,in_forest,animal
cow\in_forest\111.jpg,cow,in_forest,animal
cow\in_forest\115.jpg,cow,in_forest,animal
cow\in_forest\117.jpg,cow,in_forest,animal
cow\in_forest\120.jpg,cow,in_forest,animal
cow\in_forest\122.jpg,cow,in_forest,animal
cow\in_forest\127.jpg,cow,in_forest,animal
cow\in_forest\130.jpg,cow,in_forest,animal
cow\in_forest\132.jpg,cow,in_forest,animal
cow\in_forest\16.jpg,cow,in_forest,animal
cow\in_forest\17.jpg,cow,in_forest,animal
cow\in_forest\2.jpg,cow,in_forest,animal
cow\in_forest\20.png,cow,in_forest,animal
cow\in_forest\22.jpg,cow,in_forest,animal
cow\in_forest\24.jpg,cow,in_forest,animal
cow\in_forest\25.jpg,cow,in_forest,animal
cow\in_forest\26.jpg,cow,in_forest,animal
cow\in_forest\30.jpg,cow,in_forest,animal
cow\in_forest\31.jpg,cow,in_forest,animal
cow\in_forest\34.png,cow,in_forest,animal
cow\in_forest\35.jpg,cow,in_forest,animal
cow\in_forest\36.jpg,cow,in_forest,animal
cow\in_forest\37.jpg,cow,in_forest,animal
cow\in_forest\38.jpeg,cow,in_forest,animal
cow\in_forest\41.jpg,cow,in_forest,animal
cow\in_forest\42.jpg,cow,in_forest,animal
cow\in_forest\44.jpg,cow,in_forest,animal
cow\in_forest\46.png,cow,in_forest,animal
cow\in_forest\47.jpg,cow,in_forest,animal
cow\in_forest\5.jpg,cow,in_forest,animal
cow\in_forest\53.jpg,cow,in_forest,animal
cow\in_forest\54.jpg,cow,in_forest,animal
cow\in_forest\58.jpg,cow,in_forest,animal
cow\in_forest\59.jpg,cow,in_forest,animal
cow\in_forest\65.jpg,cow,in_forest,animal
cow\in_forest\67.jpg,cow,in_forest,animal
cow\in_forest\69.jpg,cow,in_forest,animal
cow\in_forest\70.jpg,cow,in_forest,animal
cow\in_forest\71.jpg,cow,in_forest,animal
cow\in_forest\72.jpg,cow,in_forest,animal
cow\in_forest\74.jpg,cow,in_forest,animal
cow\in_forest\77.jpeg,cow,in_forest,animal
cow\in_forest\82.jpg,cow,in_forest,animal
cow\in_forest\84.jpg,cow,in_forest,animal
cow\in_forest\85.jpg,cow,in_forest,animal
cow\in_forest\88.jpg,cow,in_forest,animal
cow\in_forest\90.jpg,cow,in_forest,animal
cow\in_forest\97.jpg,cow,in_forest,animal
cow\in_forest\98.jpg,cow,in_forest,animal
elephant\in_forest\101.jpg,elephant,in_forest,animal
elephant\in_forest\102.jpg,elephant,in_forest,animal
elephant\in_forest\103.jpg,elephant,in_forest,animal
elephant\in_forest\105.jpg,elephant,in_forest,animal
elephant\in_forest\107.jpg,elephant,in_forest,animal
elephant\in_forest\108.jpg,elephant,in_forest,animal
elephant\in_forest\110.jpg,elephant,in_forest,animal
elephant\in_forest\111.jpg,elephant,in_forest,animal
elephant\in_forest\117.jpg,elephant,in_forest,animal
elephant\in_forest\121.jpg,elephant,in_forest,animal
elephant\in_forest\126.jpg,elephant,in_forest,animal
elephant\in_forest\129.jpg,elephant,in_forest,animal
elephant\in_forest\13.jpg,elephant,in_forest,animal
elephant\in_forest\134.jpg,elephant,in_forest,animal
elephant\in_forest\138.jpg,elephant,in_forest,animal
elephant\in_forest\14.jpg,elephant,in_forest,animal
elephant\in_forest\141.jpg,elephant,in_forest,animal
elephant\in_forest\146.jpg,elephant,in_forest,animal
elephant\in_forest\147.jpg,elephant,in_forest,animal
elephant\in_forest\150.jpg,elephant,in_forest,animal
elephant\in_forest\155.jpeg,elephant,in_forest,animal
elephant\in_forest\22.jpg,elephant,in_forest,animal
elephant\in_forest\24.jpg,elephant,in_forest,animal
elephant\in_forest\26.jpg,elephant,in_forest,animal
elephant\in_forest\28.jpg,elephant,in_forest,animal
elephant\in_forest\30.jpg,elephant,in_forest,animal
elephant\in_forest\37.jpg,elephant,in_forest,animal
elephant\in_forest\38.jpg,elephant,in_forest,animal
elephant\in_forest\39.jpg,elephant,in_forest,animal
elephant\in_forest\40.jpg,elephant,in_forest,animal
elephant\in_forest\42.jpg,elephant,in_forest,animal
elephant\in_forest\43.jpg,elephant,in_forest,animal
elephant\in_forest\45.jpg,elephant,in_forest,animal
elephant\in_forest\46.jpg,elephant,in_forest,animal
elephant\in_forest\47.jpg,elephant,in_forest,animal
elephant\in_forest\48.jpg,elephant,in_forest,animal
elephant\in_forest\50.jpg,elephant,in_forest,animal
elephant\in_forest\51.jpg,elephant,in_forest,animal
elephant\in_forest\53.jpg,elephant,in_forest,animal
elephant\in_forest\54.jpg,elephant,in_forest,animal
elephant\in_forest\55.jpg,elephant,in_forest,animal
elephant\in_forest\57.png,elephant,in_forest,animal
elephant\in_forest\58.jpg,elephant,in_forest,animal
elephant\in_forest\59.jpg,elephant,in_forest,animal
elephant\in_forest\61.jpg,elephant,in_forest,animal
elephant\in_forest\65.jpg,elephant,in_forest,animal
elephant\in_forest\66.jpg,elephant,in_forest,animal
elephant\in_forest\68.jpg,elephant,in_forest,animal
elephant\in_forest\73.jpg,elephant,in_forest,animal
elephant\in_forest\76.jpg,elephant,in_forest,animal
elephant\in_forest\79.jpg,elephant,in_forest,animal
elephant\in_forest\84.jpg,elephant,in_forest,animal
elephant\in_forest\87.jpg,elephant,in_forest,animal
elephant\in_forest\9.jpg,elephant,in_forest,animal
elephant\in_forest\93.jpg,elephant,in_forest,animal
elephant\in_forest\95.jpg,elephant,in_forest,animal
elephant\in_forest\97.jpg,elephant,in_forest,animal
elephant\in_forest\98.jpg,elephant,in_forest,animal
horse\in_forest\102.jpg,horse,in_forest,animal
horse\in_forest\103.jpg,horse,in_forest,animal
horse\in_forest\105.jpg,horse,in_forest,animal
horse\in_forest\107.jpg,horse,in_forest,animal
horse\in_forest\110.jpg,horse,in_forest,animal
horse\in_forest\113.jpg,horse,in_forest,animal
horse\in_forest\118.jpg,horse,in_forest,animal
horse\in_forest\122.jpg,horse,in_forest,animal
horse\in_forest\123.jpg,horse,in_forest,animal
horse\in_forest\128.jpg,horse,in_forest,animal
horse\in_forest\129.jpg,horse,in_forest,animal
horse\in_forest\130.jpg,horse,in_forest,animal
horse\in_forest\131.jpg,horse,in_forest,animal
horse\in_forest\132.jpg,horse,in_forest,animal
horse\in_forest\133.jpg,horse,in_forest,animal
horse\in_forest\134.jpg,horse,in_forest,animal
horse\in_forest\135.png,horse,in_forest,animal
horse\in_forest\136.jpg,horse,in_forest,animal
horse\in_forest\137.jpg,horse,in_forest,animal
horse\in_forest\138.jpg,horse,in_forest,animal
horse\in_forest\143.jpg,horse,in_forest,animal
horse\in_forest\16.jpg,horse,in_forest,animal
horse\in_forest\21.jpg,horse,in_forest,animal
horse\in_forest\23.jpg,horse,in_forest,animal
horse\in_forest\24.jpg,horse,in_forest,animal
horse\in_forest\25.jpg,horse,in_forest,animal
horse\in_forest\26.jpg,horse,in_forest,animal
horse\in_forest\29.jpg,horse,in_forest,animal
horse\in_forest\32.jpg,horse,in_forest,animal
horse\in_forest\33.jpg,horse,in_forest,animal
horse\in_forest\34.jpg,horse,in_forest,animal
horse\in_forest\35.jpg,horse,in_forest,animal
horse\in_forest\36.jpg,horse,in_forest,animal
horse\in_forest\37.jpg,horse,in_forest,animal
horse\in_forest\38.jpg,horse,in_forest,animal
horse\in_forest\39.jpg,horse,in_forest,animal
horse\in_forest\4.jpg,horse,in_forest,animal
horse\in_forest\41.jpg,horse,in_forest,animal
horse\in_forest\42.jpg,horse,in_forest,animal
horse\in_forest\47.jpg,horse,in_forest,animal
horse\in_forest\5.jpg,horse,in_forest,animal
horse\in_forest\50.png,horse,in_forest,animal
horse\in_forest\54.jpg,horse,in_forest,animal
horse\in_forest\57.jpg,horse,in_forest,animal
horse\in_forest\58.jpg,horse,in_forest,animal
horse\in_forest\65.jpg,horse,in_forest,animal
horse\in_forest\66.jpg,horse,in_forest,animal
horse\in_forest\69.jpg,horse,in_forest,animal
horse\in_forest\7.jpg,horse,in_forest,animal
horse\in_forest\72.jpg,horse,in_forest,animal
horse\in_forest\74.jpg,horse,in_forest,animal
horse\in_forest\76.jpg,horse,in_forest,animal
horse\in_forest\79.jpg,horse,in_forest,animal
horse\in_forest\80.jpg,horse,in_forest,animal
horse\in_forest\82.jpg,horse,in_forest,animal
horse\in_forest\84.jpg,horse,in_forest,animal
horse\in_forest\87.jpg,horse,in_forest,animal
horse\in_forest\89.jpg,horse,in_forest,animal
horse\in_forest\9.jpg,horse,in_forest,animal
horse\in_forest\94.jpg,horse,in_forest,animal
horse\in_forest\98.jpg,horse,in_forest,animal
monkey\in_forest\101.jpg,monkey,in_forest,animal
monkey\in_forest\103.jpg,monkey,in_forest,animal
monkey\in_forest\108.jpg,monkey,in_forest,animal
monkey\in_forest\109.png,monkey,in_forest,animal
monkey\in_forest\11.jpg,monkey,in_forest,animal
monkey\in_forest\112.jpg,monkey,in_forest,animal
monkey\in_forest\114.jpg,monkey,in_forest,animal
monkey\in_forest\115.jpg,monkey,in_forest,animal
monkey\in_forest\118.jpeg,monkey,in_forest,animal
monkey\in_forest\123.jpg,monkey,in_forest,animal
monkey\in_forest\124.jpg,monkey,in_forest,animal
monkey\in_forest\127.jpg,monkey,in_forest,animal
monkey\in_forest\129.jpg,monkey,in_forest,animal
monkey\in_forest\130.jpg,monkey,in_forest,animal
monkey\in_forest\136.jpg,monkey,in_forest,animal
monkey\in_forest\137.jpg,monkey,in_forest,animal
monkey\in_forest\138.jpg,monkey,in_forest,animal
monkey\in_forest\15.jpg,monkey,in_forest,animal
monkey\in_forest\16.jpg,monkey,in_forest,animal
monkey\in_forest\17.jpg,monkey,in_forest,animal
monkey\in_forest\18.jpg,monkey,in_forest,animal
monkey\in_forest\2.jpg,monkey,in_forest,animal
monkey\in_forest\21.jpg,monkey,in_forest,animal
monkey\in_forest\22.jpg,monkey,in_forest,animal
monkey\in_forest\23.jpg,monkey,in_forest,animal
monkey\in_forest\26.jpg,monkey,in_forest,animal
monkey\in_forest\27.jpg,monkey,in_forest,animal
monkey\in_forest\34.jpg,monkey,in_forest,animal
monkey\in_forest\35.jpg,monkey,in_forest,animal
monkey\in_forest\37.jpg,monkey,in_forest,animal
monkey\in_forest\40.jpg,monkey,in_forest,animal
monkey\in_forest\41.jpg,monkey,in_forest,animal
monkey\in_forest\45.jpg,monkey,in_forest,animal
monkey\in_forest\49.jpg,monkey,in_forest,animal
monkey\in_forest\59.jpg,monkey,in_forest,animal
monkey\in_forest\6.jpg,monkey,in_forest,animal
monkey\in_forest\60.jpg,monkey,in_forest,animal
monkey\in_forest\63.jpg,monkey,in_forest,animal
monkey\in_forest\67.jpg,monkey,in_forest,animal
monkey\in_forest\72.jpg,monkey,in_forest,animal
monkey\in_forest\74.jpg,monkey,in_forest,animal
monkey\in_forest\76.jpg,monkey,in_forest,animal
monkey\in_forest\77.jpg,monkey,in_forest,animal
monkey\in_forest\78.jpg,monkey,in_forest,animal
monkey\in_forest\79.jpg,monkey,in_forest,animal
monkey\in_forest\80.jpg,monkey,in_forest,animal
monkey\in_forest\81.jpg,monkey,in_forest,animal
monkey\in_forest\83.jpg,monkey,in_forest,animal
monkey\in_forest\86.jpg,monkey,in_forest,animal
monkey\in_forest\91.jpg,monkey,in_forest,animal
monkey\in_forest\92.jpg,monkey,in_forest,animal
monkey\in_forest\96.jpg,monkey,in_forest,animal
monkey\in_forest\97.jpg,monkey,in_forest,animal
monkey\in_forest\98.jpg,monkey,in_forest,animal
rat\in_forest\0.jpg,rat,in_forest,animal
rat\in_forest\12.jpg,rat,in_forest,animal
rat\in_forest\17.jpg,rat,in_forest,animal
rat\in_forest\2.jpg,rat,in_forest,animal
rat\in_forest\20.jpg,rat,in_forest,animal
rat\in_forest\24.jpg,rat,in_forest,animal
rat\in_forest\26.jpg,rat,in_forest,animal
rat\in_forest\27.jpg,rat,in_forest,animal
rat\in_forest\35.jpg,rat,in_forest,animal
rat\in_forest\37.jpg,rat,in_forest,animal
rat\in_forest\39.jpg,rat,in_forest,animal
rat\in_forest\4.jpg,rat,in_forest,animal
rat\in_forest\40.jpg,rat,in_forest,animal
rat\in_forest\43.jpg,rat,in_forest,animal
rat\in_forest\47.jpg,rat,in_forest,animal
rat\in_forest\48.jpg,rat,in_forest,animal
rat\in_forest\49.jpg,rat,in_forest,animal
rat\in_forest\5.jpg,rat,in_forest,animal
rat\in_forest\51.jpg,rat,in_forest,animal
rat\in_forest\52.jpg,rat,in_forest,animal
rat\in_forest\54.jpg,rat,in_forest,animal
rat\in_forest\57.jpg,rat,in_forest,animal
rat\in_forest\59.jpg,rat,in_forest,animal
rat\in_forest\60.jpg,rat,in_forest,animal
rat\in_forest\61.jpg,rat,in_forest,animal
rat\in_forest\62.jpg,rat,in_forest,animal
rat\in_forest\64.jpg,rat,in_forest,animal
rat\in_forest\67.png,rat,in_forest,animal
rat\in_forest\68.png,rat,in_forest,animal
rat\in_forest\69.jpg,rat,in_forest,animal
rat\in_forest\7.jpg,rat,in_forest,animal
rat\in_forest\74.jpg,rat,in_forest,animal
rat\in_forest\75.jpg,rat,in_forest,animal
rat\in_forest\8.jpg,rat,in_forest,animal
rat\in_forest\81.jpg,rat,in_forest,animal
rat\in_forest\82.jpg,rat,in_forest,animal
rat\in_forest\84.jpg,rat,in_forest,animal
rat\in_forest\85.jpg,rat,in_forest,animal
sheep\in_forest\11.jpg,sheep,in_forest,animal
sheep\in_forest\14.jpg,sheep,in_forest,animal
sheep\in_forest\16.jpg,sheep,in_forest,animal
sheep\in_forest\17.jpg,sheep,in_forest,animal
sheep\in_forest\18.jpg,sheep,in_forest,animal
sheep\in_forest\20.jpg,sheep,in_forest,animal
sheep\in_forest\21.jpg,sheep,in_forest,animal
sheep\in_forest\24.jpg,sheep,in_forest,animal
sheep\in_forest\26.jpg,sheep,in_forest,animal
sheep\in_forest\30.jpg,sheep,in_forest,animal
sheep\in_forest\36.jpg,sheep,in_forest,animal
sheep\in_forest\39.jpg,sheep,in_forest,animal
sheep\in_forest\4.jpg,sheep,in_forest,animal
sheep\in_forest\45.jpg,sheep,in_forest,animal
sheep\in_forest\47.jpg,sheep,in_forest,animal
sheep\in_forest\5.jpg,sheep,in_forest,animal
sheep\in_forest\50.jpg,sheep,in_forest,animal
sheep\in_forest\53.jpg,sheep,in_forest,animal
sheep\in_forest\58.jpg,sheep,in_forest,animal
sheep\in_forest\63.jpg,sheep,in_forest,animal
sheep\in_forest\66.jpg,sheep,in_forest,animal
sheep\in_forest\68.jpg,sheep,in_forest,animal
sheep\in_forest\69.jpg,sheep,in_forest,animal
sheep\in_forest\70.jpg,sheep,in_forest,animal
sheep\in_forest\72.jpg,sheep,in_forest,animal
sheep\in_forest\73.jpg,sheep,in_forest,animal
sheep\in_forest\74.jpg,sheep,in_forest,animal
sheep\in_forest\76.jpg,sheep,in_forest,animal
sheep\in_forest\79.jpg,sheep,in_forest,animal
sheep\in_forest\84.jpg,sheep,in_forest,animal
sheep\in_forest\85.jpg,sheep,in_forest,animal
sheep\in_forest\86.jpg,sheep,in_forest,animal
sheep\in_forest\87.jpg,sheep,in_forest,animal
sheep\in_forest\88.jpg,sheep,in_forest,animal
sheep\in_forest\91.jpg,sheep,in_forest,animal
sheep\in_forest\92.jpg,sheep,in_forest,animal
sheep\in_forest\93.jpg,sheep,in_forest,animal
helicopter\in_forest\103.jpg,helicopter,in_forest,vehicle
helicopter\in_forest\111.jpg,helicopter,in_forest,vehicle
helicopter\in_forest\112.jpg,helicopter,in_forest,vehicle
helicopter\in_forest\2.jpg,helicopter,in_forest,vehicle
helicopter\in_forest\33.jpg,helicopter,in_forest,vehicle
helicopter\in_forest\40.jpg,helicopter,in_forest,vehicle
helicopter\in_forest\46.jpg,helicopter,in_forest,vehicle
helicopter\in_forest\51.jpg,helicopter,in_forest,vehicle
helicopter\in_forest\68.jpg,helicopter,in_forest,vehicle
train\in_forest\100.jpg,train,in_forest,vehicle
train\in_forest\28.jpg,train,in_forest,vehicle
train\in_forest\34.jpg,train,in_forest,vehicle
train\in_forest\35.jpg,train,in_forest,vehicle
train\in_forest\4.jpeg,train,in_forest,vehicle
train\in_forest\52.jpg,train,in_forest,vehicle
truck\in_forest\42.jpg,truck,in_forest,vehicle
truck\in_forest\54.jpg,truck,in_forest,vehicle
truck\in_forest\60.png,truck,in_forest,vehicle
truck\in_forest\77.jpg,truck,in_forest,vehicle
truck\in_forest\89.png,truck,in_forest,vehicle
dog\on_beach\10.jpg,dog,on_beach,animal
dog\on_beach\117.jpg,dog,on_beach,animal
dog\on_beach\139.jpg,dog,on_beach,animal
dog\on_beach\145.jpg,dog,on_beach,animal
dog\on_beach\193.jpg,dog,on_beach,animal
dog\on_beach\215.jpg,dog,on_beach,animal
dog\on_beach\223.jpg,dog,on_beach,animal
dog\on_beach\63.jpg,dog,on_beach,animal
dog\on_beach\65.jpg,dog,on_beach,animal
dog\on_beach\75.jpg,dog,on_beach,animal
horse\on_beach\101.jpg,horse,on_beach,animal
horse\on_beach\107.jpg,horse,on_beach,animal
horse\on_beach\127.jpg,horse,on_beach,animal
horse\on_beach\152.jpeg,horse,on_beach,animal
horse\on_beach\18.jpg,horse,on_beach,animal
horse\on_beach\3.jpg,horse,on_beach,animal
horse\on_beach\41.jpg,horse,on_beach,animal
horse\on_beach\49.jpg,horse,on_beach,animal
horse\on_beach\54.jpg,horse,on_beach,animal
monkey\on_beach\9.jpg,monkey,on_beach,animal
airplane\on_beach\100.jpg,airplane,on_beach,vehicle
airplane\on_beach\104.jpg,airplane,on_beach,vehicle
airplane\on_beach\105.jpg,airplane,on_beach,vehicle
airplane\on_beach\11.jpg,airplane,on_beach,vehicle
airplane\on_beach\15.png,airplane,on_beach,vehicle
airplane\on_beach\19.jpg,airplane,on_beach,vehicle
airplane\on_beach\2.jpg,airplane,on_beach,vehicle
airplane\on_beach\20.jpg,airplane,on_beach,vehicle
airplane\on_beach\22.jpg,airplane,on_beach,vehicle
airplane\on_beach\24.jpg,airplane,on_beach,vehicle
airplane\on_beach\25.png,airplane,on_beach,vehicle
airplane\on_beach\27.jpg,airplane,on_beach,vehicle
airplane\on_beach\29.jpg,airplane,on_beach,vehicle
airplane\on_beach\3.jpg,airplane,on_beach,vehicle
airplane\on_beach\30.jpg,airplane,on_beach,vehicle
airplane\on_beach\36.jpg,airplane,on_beach,vehicle
airplane\on_beach\40.jpg,airplane,on_beach,vehicle
airplane\on_beach\43.jpg,airplane,on_beach,vehicle
airplane\on_beach\45.jpg,airplane,on_beach,vehicle
airplane\on_beach\47.jpg,airplane,on_beach,vehicle
airplane\on_beach\49.jpg,airplane,on_beach,vehicle
airplane\on_beach\50.jpg,airplane,on_beach,vehicle
airplane\on_beach\52.jpg,airplane,on_beach,vehicle
airplane\on_beach\53.png,airplane,on_beach,vehicle
airplane\on_beach\55.jpg,airplane,on_beach,vehicle
airplane\on_beach\60.jpg,airplane,on_beach,vehicle
airplane\on_beach\61.jpg,airplane,on_beach,vehicle
airplane\on_beach\62.jpg,airplane,on_beach,vehicle
airplane\on_beach\66.jpg,airplane,on_beach,vehicle
airplane\on_beach\67.jpg,airplane,on_beach,vehicle
airplane\on_beach\68.jpg,airplane,on_beach,vehicle
airplane\on_beach\7.jpg,airplane,on_beach,vehicle
airplane\on_beach\70.jpg,airplane,on_beach,vehicle
airplane\on_beach\76.jpg,airplane,on_beach,vehicle
airplane\on_beach\77.jpg,airplane,on_beach,vehicle
airplane\on_beach\79.jpg,airplane,on_beach,vehicle
airplane\on_beach\8.jpg,airplane,on_beach,vehicle
airplane\on_beach\82.jpg,airplane,on_beach,vehicle
airplane\on_beach\83.jpg,airplane,on_beach,vehicle
airplane\on_beach\84.jpg,airplane,on_beach,vehicle
airplane\on_beach\85.jpg,airplane,on_beach,vehicle
airplane\on_beach\86.jpg,airplane,on_beach,vehicle
airplane\on_beach\92.jpg,airplane,on_beach,vehicle
airplane\on_beach\93.jpg,airplane,on_beach,vehicle
airplane\on_beach\97.jpg,airplane,on_beach,vehicle
airplane\on_beach\99.jpg,airplane,on_beach,vehicle
bicycle\on_beach\1.jpg,bicycle,on_beach,vehicle
bicycle\on_beach\10.jpg,bicycle,on_beach,vehicle
bicycle\on_beach\101.jpg,bicycle,on_beach,vehicle
bicycle\on_beach\104.jpg,bicycle,on_beach,vehicle
bicycle\on_beach\107.jpg,bicycle,on_beach,vehicle
bicycle\on_beach\108.jpg,bicycle,on_beach,vehicle
bicycle\on_beach\109.jpg,bicycle,on_beach,vehicle
bicycle\on_beach\113.jpg,bicycle,on_beach,vehicle
bicycle\on_beach\114.jpg,bicycle,on_beach,vehicle
bicycle\on_beach\116.jpg,bicycle,on_beach,vehicle
bicycle\on_beach\117.jpg,bicycle,on_beach,vehicle
bicycle\on_beach\120.jpg,bicycle,on_beach,vehicle
bicycle\on_beach\122.jpg,bicycle,on_beach,vehicle
bicycle\on_beach\124.png,bicycle,on_beach,vehicle
bicycle\on_beach\125.jpg,bicycle,on_beach,vehicle
bicycle\on_beach\127.jpg,bicycle,on_beach,vehicle
bicycle\on_beach\13.jpg,bicycle,on_beach,vehicle
bicycle\on_beach\14.jpg,bicycle,on_beach,vehicle
bicycle\on_beach\18.jpg,bicycle,on_beach,vehicle
bicycle\on_beach\21.png,bicycle,on_beach,vehicle
bicycle\on_beach\25.jpg,bicycle,on_beach,vehicle
bicycle\on_beach\27.jpg,bicycle,on_beach,vehicle
bicycle\on_beach\3.jpg,bicycle,on_beach,vehicle
bicycle\on_beach\31.jpg,bicycle,on_beach,vehicle
bicycle\on_beach\32.jpg,bicycle,on_beach,vehicle
bicycle\on_beach\34.jpg,bicycle,on_beach,vehicle
bicycle\on_beach\35.jpg,bicycle,on_beach,vehicle
bicycle\on_beach\38.jpg,bicycle,on_beach,vehicle
bicycle\on_beach\40.jpg,bicycle,on_beach,vehicle
bicycle\on_beach\41.jpg,bicycle,on_beach,vehicle
bicycle\on_beach\43.jpg,bicycle,on_beach,vehicle
bicycle\on_beach\45.jpg,bicycle,on_beach,vehicle
bicycle\on_beach\5.jpg,bicycle,on_beach,vehicle
bicycle\on_beach\50.jpg,bicycle,on_beach,vehicle
bicycle\on_beach\52.jpg,bicycle,on_beach,vehicle
bicycle\on_beach\54.jpg,bicycle,on_beach,vehicle
bicycle\on_beach\55.jpg,bicycle,on_beach,vehicle
bicycle\on_beach\56.jpg,bicycle,on_beach,vehicle
bicycle\on_beach\57.jpg,bicycle,on_beach,vehicle
bicycle\on_beach\59.jpg,bicycle,on_beach,vehicle
bicycle\on_beach\60.jpg,bicycle,on_beach,vehicle
bicycle\on_beach\61.jpg,bicycle,on_beach,vehicle
bicycle\on_beach\65.jpg,bicycle,on_beach,vehicle
bicycle\on_beach\66.jpg,bicycle,on_beach,vehicle
bicycle\on_beach\67.jpg,bicycle,on_beach,vehicle
bicycle\on_beach\68.jpg,bicycle,on_beach,vehicle
bicycle\on_beach\69.jpg,bicycle,on_beach,vehicle
bicycle\on_beach\71.jpg,bicycle,on_beach,vehicle
bicycle\on_beach\74.jpg,bicycle,on_beach,vehicle
bicycle\on_beach\75.jpg,bicycle,on_beach,vehicle
bicycle\on_beach\76.jpg,bicycle,on_beach,vehicle
bicycle\on_beach\77.jpg,bicycle,on_beach,vehicle
bicycle\on_beach\8.jpg,bicycle,on_beach,vehicle
bicycle\on_beach\80.jpg,bicycle,on_beach,vehicle
bicycle\on_beach\81.jpg,bicycle,on_beach,vehicle
bicycle\on_beach\86.jpeg,bicycle,on_beach,vehicle
bicycle\on_beach\87.jpg,bicycle,on_beach,vehicle
bicycle\on_beach\88.jpg,bicycle,on_beach,vehicle
bicycle\on_beach\89.jpg,bicycle,on_beach,vehicle
bicycle\on_beach\90.jpg,bicycle,on_beach,vehicle
bicycle\on_beach\91.jpg,bicycle,on_beach,vehicle
bicycle\on_beach\94.jpg,bicycle,on_beach,vehicle
bicycle\on_beach\95.jpg,bicycle,on_beach,vehicle
bicycle\on_beach\99.jpg,bicycle,on_beach,vehicle
boat\on_beach\10.jpg,boat,on_beach,vehicle
boat\on_beach\102.jpg,boat,on_beach,vehicle
boat\on_beach\11.jpg,boat,on_beach,vehicle
boat\on_beach\110.jpg,boat,on_beach,vehicle
boat\on_beach\118.jpeg,boat,on_beach,vehicle
boat\on_beach\119.jpg,boat,on_beach,vehicle
boat\on_beach\123.jpg,boat,on_beach,vehicle
boat\on_beach\126.jpg,boat,on_beach,vehicle
boat\on_beach\128.jpg,boat,on_beach,vehicle
boat\on_beach\13.jpg,boat,on_beach,vehicle
boat\on_beach\130.jpg,boat,on_beach,vehicle
boat\on_beach\131.jpg,boat,on_beach,vehicle
boat\on_beach\134.jpg,boat,on_beach,vehicle
boat\on_beach\136.jpg,boat,on_beach,vehicle
boat\on_beach\139.jpg,boat,on_beach,vehicle
boat\on_beach\14.jpg,boat,on_beach,vehicle
boat\on_beach\141.jpg,boat,on_beach,vehicle
boat\on_beach\142.jpg,boat,on_beach,vehicle
boat\on_beach\144.jpg,boat,on_beach,vehicle
boat\on_beach\147.jpg,boat,on_beach,vehicle
boat\on_beach\149.jpg,boat,on_beach,vehicle
boat\on_beach\152.jpg,boat,on_beach,vehicle
boat\on_beach\153.jpg,boat,on_beach,vehicle
boat\on_beach\154.jpg,boat,on_beach,vehicle
boat\on_beach\160.jpg,boat,on_beach,vehicle
boat\on_beach\161.jpg,boat,on_beach,vehicle
boat\on_beach\163.jpg,boat,on_beach,vehicle
boat\on_beach\167.jpg,boat,on_beach,vehicle
boat\on_beach\17.jpg,boat,on_beach,vehicle
boat\on_beach\18.jpg,boat,on_beach,vehicle
boat\on_beach\21.jpg,boat,on_beach,vehicle
boat\on_beach\24.jpg,boat,on_beach,vehicle
boat\on_beach\27.jpg,boat,on_beach,vehicle
boat\on_beach\29.jpg,boat,on_beach,vehicle
boat\on_beach\3.jpg,boat,on_beach,vehicle
boat\on_beach\32.jpg,boat,on_beach,vehicle
boat\on_beach\35.jpg,boat,on_beach,vehicle
boat\on_beach\37.jpg,boat,on_beach,vehicle
boat\on_beach\40.jpg,boat,on_beach,vehicle
boat\on_beach\43.jpg,boat,on_beach,vehicle
boat\on_beach\47.jpg,boat,on_beach,vehicle
boat\on_beach\50.jpg,boat,on_beach,vehicle
boat\on_beach\51.jpg,boat,on_beach,vehicle
boat\on_beach\55.jpg,boat,on_beach,vehicle
boat\on_beach\59.jpg,boat,on_beach,vehicle
boat\on_beach\60.jpg,boat,on_beach,vehicle
boat\on_beach\71.jpg,boat,on_beach,vehicle
boat\on_beach\73.jpg,boat,on_beach,vehicle
boat\on_beach\75.jpg,boat,on_beach,vehicle
boat\on_beach\79.jpg,boat,on_beach,vehicle
boat\on_beach\81.jpg,boat,on_beach,vehicle
boat\on_beach\82.jpg,boat,on_beach,vehicle
boat\on_beach\85.jpg,boat,on_beach,vehicle
boat\on_beach\86.jpg,boat,on_beach,vehicle
boat\on_beach\87.jpg,boat,on_beach,vehicle
boat\on_beach\93.jpg,boat,on_beach,vehicle
boat\on_beach\94.jpg,boat,on_beach,vehicle
boat\on_beach\95.jpeg,boat,on_beach,vehicle
boat\on_beach\96.jpg,boat,on_beach,vehicle
boat\on_beach\97.jpg,boat,on_beach,vehicle
car\on_beach\1.jpg,car,on_beach,vehicle
car\on_beach\12.jpg,car,on_beach,vehicle
car\on_beach\14.jpg,car,on_beach,vehicle
car\on_beach\15.jpg,car,on_beach,vehicle
car\on_beach\17.jpg,car,on_beach,vehicle
car\on_beach\18.jpg,car,on_beach,vehicle
car\on_beach\20.jpg,car,on_beach,vehicle
car\on_beach\21.jpg,car,on_beach,vehicle
car\on_beach\23.jpg,car,on_beach,vehicle
car\on_beach\24.jpg,car,on_beach,vehicle
car\on_beach\27.jpg,car,on_beach,vehicle
car\on_beach\28.jpg,car,on_beach,vehicle
car\on_beach\32.jpg,car,on_beach,vehicle
car\on_beach\33.jpg,car,on_beach,vehicle
car\on_beach\37.jpg,car,on_beach,vehicle
car\on_beach\42.jpg,car,on_beach,vehicle
car\on_beach\43.jpg,car,on_beach,vehicle
car\on_beach\45.jpg,car,on_beach,vehicle
car\on_beach\46.jpg,car,on_beach,vehicle
car\on_beach\47.jpg,car,on_beach,vehicle
car\on_beach\49.jpg,car,on_beach,vehicle
car\on_beach\50.jpg,car,on_beach,vehicle
car\on_beach\52.jpg,car,on_beach,vehicle
car\on_beach\53.jpg,car,on_beach,vehicle
car\on_beach\54.jpg,car,on_beach,vehicle
car\on_beach\56.jpg,car,on_beach,vehicle
car\on_beach\58.jpg,car,on_beach,vehicle
car\on_beach\60.jpg,car,on_beach,vehicle
car\on_beach\61.jpg,car,on_beach,vehicle
car\on_beach\63.jpg,car,on_beach,vehicle
car\on_beach\64.jpg,car,on_beach,vehicle
car\on_beach\66.jpg,car,on_beach,vehicle
car\on_beach\68.jpg,car,on_beach,vehicle
car\on_beach\69.jpg,car,on_beach,vehicle
car\on_beach\70.png,car,on_beach,vehicle
car\on_beach\71.jpg,car,on_beach,vehicle
car\on_beach\72.jpg,car,on_beach,vehicle
car\on_beach\75.jpg,car,on_beach,vehicle
car\on_beach\78.jpg,car,on_beach,vehicle
car\on_beach\81.jpg,car,on_beach,vehicle
car\on_beach\83.jpg,car,on_beach,vehicle
car\on_beach\84.jpg,car,on_beach,vehicle
car\on_beach\85.jpg,car,on_beach,vehicle
car\on_beach\86.jpg,car,on_beach,vehicle
car\on_beach\87.jpg,car,on_beach,vehicle
car\on_beach\88.jpg,car,on_beach,vehicle
car\on_beach\93.jpg,car,on_beach,vehicle
car\on_beach\95.jpg,car,on_beach,vehicle
car\on_beach\97.jpg,car,on_beach,vehicle
car\on_beach\98.jpg,car,on_beach,vehicle
helicopter\on_beach\0.jpg,helicopter,on_beach,vehicle
helicopter\on_beach\1.jpg,helicopter,on_beach,vehicle
helicopter\on_beach\106.jpg,helicopter,on_beach,vehicle
helicopter\on_beach\108.jpg,helicopter,on_beach,vehicle
helicopter\on_beach\109.jpg,helicopter,on_beach,vehicle
helicopter\on_beach\16.jpg,helicopter,on_beach,vehicle
helicopter\on_beach\17.jpg,helicopter,on_beach,vehicle
helicopter\on_beach\2.jpg,helicopter,on_beach,vehicle
helicopter\on_beach\23.jpg,helicopter,on_beach,vehicle
helicopter\on_beach\24.jpg,helicopter,on_beach,vehicle
helicopter\on_beach\25.jpeg,helicopter,on_beach,vehicle
helicopter\on_beach\30.jpg,helicopter,on_beach,vehicle
helicopter\on_beach\31.jpg,helicopter,on_beach,vehicle
helicopter\on_beach\32.jpg,helicopter,on_beach,vehicle
helicopter\on_beach\34.jpg,helicopter,on_beach,vehicle
helicopter\on_beach\35.jpg,helicopter,on_beach,vehicle
helicopter\on_beach\42.jpg,helicopter,on_beach,vehicle
helicopter\on_beach\43.jpg,helicopter,on_beach,vehicle
helicopter\on_beach\44.jpg,helicopter,on_beach,vehicle
helicopter\on_beach\45.jpg,helicopter,on_beach,vehicle
helicopter\on_beach\46.jpg,helicopter,on_beach,vehicle
helicopter\on_beach\49.jpg,helicopter,on_beach,vehicle
helicopter\on_beach\5.jpg,helicopter,on_beach,vehicle
helicopter\on_beach\51.jpeg,helicopter,on_beach,vehicle
helicopter\on_beach\52.jpg,helicopter,on_beach,vehicle
helicopter\on_beach\54.png,helicopter,on_beach,vehicle
helicopter\on_beach\56.jpg,helicopter,on_beach,vehicle
helicopter\on_beach\57.jpg,helicopter,on_beach,vehicle
helicopter\on_beach\59.jpg,helicopter,on_beach,vehicle
helicopter\on_beach\60.jpg,helicopter,on_beach,vehicle
helicopter\on_beach\64.jpg,helicopter,on_beach,vehicle
helicopter\on_beach\66.jpg,helicopter,on_beach,vehicle
helicopter\on_beach\69.jpeg,helicopter,on_beach,vehicle
helicopter\on_beach\71.jpg,helicopter,on_beach,vehicle
helicopter\on_beach\72.jpg,helicopter,on_beach,vehicle
helicopter\on_beach\75.jpg,helicopter,on_beach,vehicle
helicopter\on_beach\76.jpg,helicopter,on_beach,vehicle
helicopter\on_beach\78.jpg,helicopter,on_beach,vehicle
helicopter\on_beach\79.jpg,helicopter,on_beach,vehicle
helicopter\on_beach\80.jpg,helicopter,on_beach,vehicle
helicopter\on_beach\81.jpg,helicopter,on_beach,vehicle
helicopter\on_beach\82.jpg,helicopter,on_beach,vehicle
helicopter\on_beach\83.jpg,helicopter,on_beach,vehicle
helicopter\on_beach\84.jpg,helicopter,on_beach,vehicle
helicopter\on_beach\85.jpg,helicopter,on_beach,vehicle
helicopter\on_beach\88.jpg,helicopter,on_beach,vehicle
helicopter\on_beach\9.jpg,helicopter,on_beach,vehicle
helicopter\on_beach\91.jpg,helicopter,on_beach,vehicle
helicopter\on_beach\94.jpg,helicopter,on_beach,vehicle
helicopter\on_beach\95.jpg,helicopter,on_beach,vehicle
helicopter\on_beach\97.jpg,helicopter,on_beach,vehicle
motorcycle\on_beach\10.jpg,motorcycle,on_beach,vehicle
motorcycle\on_beach\100.jpg,motorcycle,on_beach,vehicle
motorcycle\on_beach\103.jpg,motorcycle,on_beach,vehicle
motorcycle\on_beach\104.jpg,motorcycle,on_beach,vehicle
motorcycle\on_beach\107.jpg,motorcycle,on_beach,vehicle
motorcycle\on_beach\109.jpg,motorcycle,on_beach,vehicle
motorcycle\on_beach\110.jpg,motorcycle,on_beach,vehicle
motorcycle\on_beach\111.jpg,motorcycle,on_beach,vehicle
motorcycle\on_beach\113.jpg,motorcycle,on_beach,vehicle
motorcycle\on_beach\114.jpg,motorcycle,on_beach,vehicle
motorcycle\on_beach\115.jpg,motorcycle,on_beach,vehicle
motorcycle\on_beach\116.jpg,motorcycle,on_beach,vehicle
motorcycle\on_beach\118.jpg,motorcycle,on_beach,vehicle
motorcycle\on_beach\12.jpg,motorcycle,on_beach,vehicle
motorcycle\on_beach\121.jpeg,motorcycle,on_beach,vehicle
motorcycle\on_beach\122.jpeg,motorcycle,on_beach,vehicle
motorcycle\on_beach\18.jpg,motorcycle,on_beach,vehicle
motorcycle\on_beach\19.jpg,motorcycle,on_beach,vehicle
motorcycle\on_beach\2.jpg,motorcycle,on_beach,vehicle
motorcycle\on_beach\23.jpg,motorcycle,on_beach,vehicle
motorcycle\on_beach\27.jpg,motorcycle,on_beach,vehicle
motorcycle\on_beach\28.jpg,motorcycle,on_beach,vehicle
motorcycle\on_beach\3.jpg,motorcycle,on_beach,vehicle
motorcycle\on_beach\32.jpg,motorcycle,on_beach,vehicle
motorcycle\on_beach\33.jpg,motorcycle,on_beach,vehicle
motorcycle\on_beach\34.jpg,motorcycle,on_beach,vehicle
motorcycle\on_beach\38.jpeg,motorcycle,on_beach,vehicle
motorcycle\on_beach\39.jpg,motorcycle,on_beach,vehicle
motorcycle\on_beach\40.jpg,motorcycle,on_beach,vehicle
motorcycle\on_beach\43.jpg,motorcycle,on_beach,vehicle
motorcycle\on_beach\44.jpg,motorcycle,on_beach,vehicle
motorcycle\on_beach\45.jpg,motorcycle,on_beach,vehicle
motorcycle\on_beach\46.jpg,motorcycle,on_beach,vehicle
motorcycle\on_beach\47.jpg,motorcycle,on_beach,vehicle
motorcycle\on_beach\48.jpg,motorcycle,on_beach,vehicle
motorcycle\on_beach\49.jpg,motorcycle,on_beach,vehicle
motorcycle\on_beach\5.png,motorcycle,on_beach,vehicle
motorcycle\on_beach\50.jpg,motorcycle,on_beach,vehicle
motorcycle\on_beach\55.jpg,motorcycle,on_beach,vehicle
motorcycle\on_beach\56.jpg,motorcycle,on_beach,vehicle
motorcycle\on_beach\59.jpg,motorcycle,on_beach,vehicle
motorcycle\on_beach\60.jpg,motorcycle,on_beach,vehicle
motorcycle\on_beach\61.jpg,motorcycle,on_beach,vehicle
motorcycle\on_beach\7.jpg,motorcycle,on_beach,vehicle
motorcycle\on_beach\70.jpg,motorcycle,on_beach,vehicle
motorcycle\on_beach\71.jpg,motorcycle,on_beach,vehicle
motorcycle\on_beach\72.jpg,motorcycle,on_beach,vehicle
motorcycle\on_beach\75.jpg,motorcycle,on_beach,vehicle
motorcycle\on_beach\76.jpg,motorcycle,on_beach,vehicle
motorcycle\on_beach\79.jpg,motorcycle,on_beach,vehicle
motorcycle\on_beach\81.jpg,motorcycle,on_beach,vehicle
motorcycle\on_beach\84.jpg,motorcycle,on_beach,vehicle
motorcycle\on_beach\86.jpg,motorcycle,on_beach,vehicle
motorcycle\on_beach\87.jpg,motorcycle,on_beach,vehicle
motorcycle\on_beach\9.jpg,motorcycle,on_beach,vehicle
motorcycle\on_beach\90.jpg,motorcycle,on_beach,vehicle
motorcycle\on_beach\93.jpg,motorcycle,on_beach,vehicle
motorcycle\on_beach\95.jpg,motorcycle,on_beach,vehicle
motorcycle\on_beach\98.jpg,motorcycle,on_beach,vehicle
train\on_beach\1.png,train,on_beach,vehicle
train\on_beach\11.jpg,train,on_beach,vehicle
train\on_beach\13.jpg,train,on_beach,vehicle
train\on_beach\17.jpg,train,on_beach,vehicle
train\on_beach\18.jpg,train,on_beach,vehicle
train\on_beach\19.jpg,train,on_beach,vehicle
train\on_beach\20.jpg,train,on_beach,vehicle
train\on_beach\26.jpg,train,on_beach,vehicle
train\on_beach\27.jpg,train,on_beach,vehicle
train\on_beach\29.jpg,train,on_beach,vehicle
train\on_beach\31.jpg,train,on_beach,vehicle
train\on_beach\33.jpg,train,on_beach,vehicle
train\on_beach\34.jpg,train,on_beach,vehicle
train\on_beach\35.jpg,train,on_beach,vehicle
train\on_beach\40.jpg,train,on_beach,vehicle
train\on_beach\41.jpg,train,on_beach,vehicle
train\on_beach\42.jpg,train,on_beach,vehicle
train\on_beach\43.jpg,train,on_beach,vehicle
train\on_beach\44.jpeg,train,on_beach,vehicle
train\on_beach\46.jpeg,train,on_beach,vehicle
train\on_beach\9.jpg,train,on_beach,vehicle
truck\on_beach\10.jpg,truck,on_beach,vehicle
truck\on_beach\11.jpg,truck,on_beach,vehicle
truck\on_beach\2.png,truck,on_beach,vehicle
truck\on_beach\21.jpg,truck,on_beach,vehicle
truck\on_beach\23.jpg,truck,on_beach,vehicle
truck\on_beach\25.jpg,truck,on_beach,vehicle
truck\on_beach\26.jpg,truck,on_beach,vehicle
truck\on_beach\27.jpg,truck,on_beach,vehicle
truck\on_beach\29.jpg,truck,on_beach,vehicle
truck\on_beach\3.jpg,truck,on_beach,vehicle
truck\on_beach\31.jpg,truck,on_beach,vehicle
truck\on_beach\32.jpg,truck,on_beach,vehicle
truck\on_beach\33.jpg,truck,on_beach,vehicle
truck\on_beach\40.jpg,truck,on_beach,vehicle
truck\on_beach\41.jpg,truck,on_beach,vehicle
truck\on_beach\43.jpg,truck,on_beach,vehicle
truck\on_beach\44.jpg,truck,on_beach,vehicle
truck\on_beach\49.jpg,truck,on_beach,vehicle
truck\on_beach\50.jpg,truck,on_beach,vehicle
truck\on_beach\52.jpg,truck,on_beach,vehicle
truck\on_beach\54.jpg,truck,on_beach,vehicle
truck\on_beach\57.jpg,truck,on_beach,vehicle
truck\on_beach\58.png,truck,on_beach,vehicle
truck\on_beach\60.jpg,truck,on_beach,vehicle
truck\on_beach\64.jpg,truck,on_beach,vehicle
truck\on_beach\65.jpg,truck,on_beach,vehicle
truck\on_beach\66.jpg,truck,on_beach,vehicle
truck\on_beach\7.jpg,truck,on_beach,vehicle
truck\on_beach\71.jpg,truck,on_beach,vehicle
truck\on_beach\74.jpg,truck,on_beach,vehicle
truck\on_beach\77.jpg,truck,on_beach,vehicle
truck\on_beach\8.jpg,truck,on_beach,vehicle
truck\on_beach\80.jpg,truck,on_beach,vehicle
truck\on_beach\82.jpg,truck,on_beach,vehicle
truck\on_beach\83.jpg,truck,on_beach,vehicle
truck\on_beach\89.jpg,truck,on_beach,vehicle
truck\on_beach\9.jpg,truck,on_beach,vehicle
truck\on_beach\93.jpg,truck,on_beach,vehicle
truck\on_beach\94.jpg,truck,on_beach,vehicle
bird\on_grass\0.jpg,bird,on_grass,animal
bird\on_grass\100.jpg,bird,on_grass,animal
bird\on_grass\101.jpg,bird,on_grass,animal
bird\on_grass\102.jpg,bird,on_grass,animal
bird\on_grass\105.jpg,bird,on_grass,animal
bird\on_grass\107.jpg,bird,on_grass,animal
bird\on_grass\108.jpg,bird,on_grass,animal
bird\on_grass\11.jpg,bird,on_grass,animal
bird\on_grass\111.jpg,bird,on_grass,animal
bird\on_grass\112.jpg,bird,on_grass,animal
bird\on_grass\122.jpg,bird,on_grass,animal
bird\on_grass\127.jpeg,bird,on_grass,animal
bird\on_grass\156.jpg,bird,on_grass,animal
bird\on_grass\158.jpg,bird,on_grass,animal
bird\on_grass\161.jpg,bird,on_grass,animal
bird\on_grass\168.jpg,bird,on_grass,animal
bird\on_grass\169.jpg,bird,on_grass,animal
bird\on_grass\170.jpg,bird,on_grass,animal
bird\on_grass\172.jpg,bird,on_grass,animal
bird\on_grass\177.jpeg,bird,on_grass,animal
bird\on_grass\178.jpg,bird,on_grass,animal
bird\on_grass\180.jpg,bird,on_grass,animal
bird\on_grass\181.jpg,bird,on_grass,animal
bird\on_grass\185.jpg,bird,on_grass,animal
bird\on_grass\195.jpg,bird,on_grass,animal
bird\on_grass\197.jpg,bird,on_grass,animal
bird\on_grass\2.jpg,bird,on_grass,animal
bird\on_grass\206.jpg,bird,on_grass,animal
bird\on_grass\21.jpg,bird,on_grass,animal
bird\on_grass\211.jpg,bird,on_grass,animal
bird\on_grass\212.jpg,bird,on_grass,animal
bird\on_grass\219.jpg,bird,on_grass,animal
bird\on_grass\226.jpg,bird,on_grass,animal
bird\on_grass\230.jpg,bird,on_grass,animal
bird\on_grass\233.jpg,bird,on_grass,animal
bird\on_grass\236.jpeg,bird,on_grass,animal
bird\on_grass\237.jpg,bird,on_grass,animal
bird\on_grass\24.png,bird,on_grass,animal
bird\on_grass\242.jpg,bird,on_grass,animal
bird\on_grass\243.jpg,bird,on_grass,animal
bird\on_grass\244.jpg,bird,on_grass,animal
bird\on_grass\245.jpg,bird,on_grass,animal
bird\on_grass\25.jpg,bird,on_grass,animal
bird\on_grass\28.jpg,bird,on_grass,animal
bird\on_grass\29.jpg,bird,on_grass,animal
bird\on_grass\36.jpg,bird,on_grass,animal
bird\on_grass\37.jpg,bird,on_grass,animal
bird\on_grass\4.jpg,bird,on_grass,animal
bird\on_grass\43.jpg,bird,on_grass,animal
bird\on_grass\46.png,bird,on_grass,animal
bird\on_grass\49.jpg,bird,on_grass,animal
bird\on_grass\52.jpg,bird,on_grass,animal
bird\on_grass\53.jpg,bird,on_grass,animal
bird\on_grass\57.jpg,bird,on_grass,animal
bird\on_grass\59.jpg,bird,on_grass,animal
bird\on_grass\60.jpg,bird,on_grass,animal
bird\on_grass\65.jpg,bird,on_grass,animal
bird\on_grass\69.jpg,bird,on_grass,animal
bird\on_grass\80.jpg,bird,on_grass,animal
bird\on_grass\83.jpg,bird,on_grass,animal
bird\on_grass\89.jpg,bird,on_grass,animal
bird\on_grass\9.jpg,bird,on_grass,animal
bird\on_grass\91.jpg,bird,on_grass,animal
bird\on_grass\95.jpg,bird,on_grass,animal
bird\on_grass\96.jpg,bird,on_grass,animal
cat\on_grass\1.jpg,cat,on_grass,animal
cat\on_grass\100.jpg,cat,on_grass,animal
cat\on_grass\102.jpg,cat,on_grass,animal
cat\on_grass\108.jpg,cat,on_grass,animal
cat\on_grass\11.png,cat,on_grass,animal
cat\on_grass\112.jpg,cat,on_grass,animal
cat\on_grass\126.jpg,cat,on_grass,animal
cat\on_grass\127.jpg,cat,on_grass,animal
cat\on_grass\133.jpg,cat,on_grass,animal
cat\on_grass\134.jpg,cat,on_grass,animal
cat\on_grass\138.jpg,cat,on_grass,animal
cat\on_grass\139.jpg,cat,on_grass,animal
cat\on_grass\141.jpg,cat,on_grass,animal
cat\on_grass\142.jpg,cat,on_grass,animal
cat\on_grass\15.jpg,cat,on_grass,animal
cat\on_grass\17.jpg,cat,on_grass,animal
cat\on_grass\20.jpeg,cat,on_grass,animal
cat\on_grass\22.jpg,cat,on_grass,animal
cat\on_grass\25.jpg,cat,on_grass,animal
cat\on_grass\29.jpg,cat,on_grass,animal
cat\on_grass\3.jpg,cat,on_grass,animal
cat\on_grass\31.jpg,cat,on_grass,animal
cat\on_grass\34.jpg,cat,on_grass,animal
cat\on_grass\35.jpg,cat,on_grass,animal
cat\on_grass\40.jpg,cat,on_grass,animal
cat\on_grass\42.jpg,cat,on_grass,animal
cat\on_grass\45.jpg,cat,on_grass,animal
cat\on_grass\55.jpg,cat,on_grass,animal
cat\on_grass\6.jpg,cat,on_grass,animal
cat\on_grass\61.jpg,cat,on_grass,animal
cat\on_grass\65.jpg,cat,on_grass,animal
cat\on_grass\69.jpg,cat,on_grass,animal
cat\on_grass\70.png,cat,on_grass,animal
cat\on_grass\75.jpg,cat,on_grass,animal
cat\on_grass\78.jpg,cat,on_grass,animal
cat\on_grass\8.jpg,cat,on_grass,animal
cat\on_grass\81.jpg,cat,on_grass,animal
cat\on_grass\83.jpg,cat,on_grass,animal
cat\on_grass\87.jpg,cat,on_grass,animal
cat\on_grass\95.jpg,cat,on_grass,animal
cow\on_grass\10.jpg,cow,on_grass,animal
cow\on_grass\100.jpeg,cow,on_grass,animal
cow\on_grass\101.jpg,cow,on_grass,animal
cow\on_grass\103.jpg,cow,on_grass,animal
cow\on_grass\104.jpg,cow,on_grass,animal
cow\on_grass\105.jpg,cow,on_grass,animal
cow\on_grass\115.jpg,cow,on_grass,animal
cow\on_grass\119.jpg,cow,on_grass,animal
cow\on_grass\125.jpg,cow,on_grass,animal
cow\on_grass\127.jpg,cow,on_grass,animal
cow\on_grass\135.jpg,cow,on_grass,animal
cow\on_grass\139.jpg,cow,on_grass,animal
cow\on_grass\14.jpg,cow,on_grass,animal
cow\on_grass\143.jpg,cow,on_grass,animal
cow\on_grass\144.jpg,cow,on_grass,animal
cow\on_grass\15.jpg,cow,on_grass,animal
cow\on_grass\18.jpg,cow,on_grass,animal
cow\on_grass\20.jpg,cow,on_grass,animal
cow\on_grass\3.jpg,cow,on_grass,animal
cow\on_grass\30.jpg,cow,on_grass,animal
cow\on_grass\32.jpg,cow,on_grass,animal
cow\on_grass\34.jpg,cow,on_grass,animal
cow\on_grass\37.jpg,cow,on_grass,animal
cow\on_grass\4.jpg,cow,on_grass,animal
cow\on_grass\40.jpg,cow,on_grass,animal
cow\on_grass\44.jpg,cow,on_grass,animal
cow\on_grass\45.jpg,cow,on_grass,animal
cow\on_grass\49.jpg,cow,on_grass,animal
cow\on_grass\60.jpg,cow,on_grass,animal
cow\on_grass\63.jpg,cow,on_grass,animal
cow\on_grass\68.jpg,cow,on_grass,animal
cow\on_grass\69.jpg,cow,on_grass,animal
cow\on_grass\7.jpg,cow,on_grass,animal
cow\on_grass\71.jpg,cow,on_grass,animal
cow\on_grass\73.jpg,cow,on_grass,animal
cow\on_grass\74.jpg,cow,on_grass,animal
cow\on_grass\75.jpg,cow,on_grass,animal
cow\on_grass\77.jpg,cow,on_grass,animal
cow\on_grass\80.jpg,cow,on_grass,animal
cow\on_grass\81.jpg,cow,on_grass,animal
cow\on_grass\88.jpg,cow,on_grass,animal
cow\on_grass\89.jpg,cow,on_grass,animal
cow\on_grass\9.jpg,cow,on_grass,animal
cow\on_grass\90.jpg,cow,on_grass,animal
cow\on_grass\91.jpg,cow,on_grass,animal
dog\on_grass\100.jpg,dog,on_grass,animal
dog\on_grass\101.jpg,dog,on_grass,animal
dog\on_grass\103.jpg,dog,on_grass,animal
dog\on_grass\109.jpg,dog,on_grass,animal
dog\on_grass\11.png,dog,on_grass,animal
dog\on_grass\115.jpg,dog,on_grass,animal
dog\on_grass\116.jpg,dog,on_grass,animal
dog\on_grass\117.jpg,dog,on_grass,animal
dog\on_grass\120.jpg,dog,on_grass,animal
dog\on_grass\122.jpg,dog,on_grass,animal
dog\on_grass\13.jpg,dog,on_grass,animal
dog\on_grass\131.jpg,dog,on_grass,animal
dog\on_grass\133.jpg,dog,on_grass,animal
dog\on_grass\137.jpg,dog,on_grass,animal
dog\on_grass\140.jpg,dog,on_grass,animal
dog\on_grass\146.jpg,dog,on_grass,animal
dog\on_grass\151.jpg,dog,on_grass,animal
dog\on_grass\153.jpg,dog,on_grass,animal
dog\on_grass\154.jpg,dog,on_grass,animal
dog\on_grass\155.jpg,dog,on_grass,animal
dog\on_grass\156.jpg,dog,on_grass,animal
dog\on_grass\158.jpg,dog,on_grass,animal
dog\on_grass\17.jpg,dog,on_grass,animal
dog\on_grass\2.jpg,dog,on_grass,animal
dog\on_grass\24.jpg,dog,on_grass,animal
dog\on_grass\28.jpg,dog,on_grass,animal
dog\on_grass\3.jpg,dog,on_grass,animal
dog\on_grass\31.jpg,dog,on_grass,animal
dog\on_grass\33.jpg,dog,on_grass,animal
dog\on_grass\34.jpg,dog,on_grass,animal
dog\on_grass\38.jpg,dog,on_grass,animal
dog\on_grass\42.jpg,dog,on_grass,animal
dog\on_grass\43.jpg,dog,on_grass,animal
dog\on_grass\5.jpg,dog,on_grass,animal
dog\on_grass\50.jpg,dog,on_grass,animal
dog\on_grass\51.jpg,dog,on_grass,animal
dog\on_grass\53.jpg,dog,on_grass,animal
dog\on_grass\58.jpg,dog,on_grass,animal
dog\on_grass\62.jpg,dog,on_grass,animal
dog\on_grass\64.jpg,dog,on_grass,animal
dog\on_grass\65.jpg,dog,on_grass,animal
dog\on_grass\72.jpg,dog,on_grass,animal
dog\on_grass\74.jpg,dog,on_grass,animal
dog\on_grass\75.jpg,dog,on_grass,animal
dog\on_grass\77.jpeg,dog,on_grass,animal
dog\on_grass\85.jpg,dog,on_grass,animal
dog\on_grass\86.jpg,dog,on_grass,animal
dog\on_grass\88.jpg,dog,on_grass,animal
dog\on_grass\89.jpg,dog,on_grass,animal
dog\on_grass\90.jpg,dog,on_grass,animal
dog\on_grass\91.png,dog,on_grass,animal
elephant\on_grass\100.jpg,elephant,on_grass,animal
elephant\on_grass\101.jpg,elephant,on_grass,animal
elephant\on_grass\103.jpg,elephant,on_grass,animal
elephant\on_grass\16.jpg,elephant,on_grass,animal
elephant\on_grass\17.jpg,elephant,on_grass,animal
elephant\on_grass\2.jpg,elephant,on_grass,animal
elephant\on_grass\22.jpg,elephant,on_grass,animal
elephant\on_grass\26.jpg,elephant,on_grass,animal
elephant\on_grass\27.jpg,elephant,on_grass,animal
elephant\on_grass\29.jpg,elephant,on_grass,animal
elephant\on_grass\33.jpg,elephant,on_grass,animal
elephant\on_grass\35.jpg,elephant,on_grass,animal
elephant\on_grass\38.jpg,elephant,on_grass,animal
elephant\on_grass\4.jpg,elephant,on_grass,animal
elephant\on_grass\43.jpg,elephant,on_grass,animal
elephant\on_grass\51.jpg,elephant,on_grass,animal
elephant\on_grass\55.jpg,elephant,on_grass,animal
elephant\on_grass\60.jpg,elephant,on_grass,animal
elephant\on_grass\62.jpg,elephant,on_grass,animal
elephant\on_grass\63.jpg,elephant,on_grass,animal
elephant\on_grass\64.jpg,elephant,on_grass,animal
elephant\on_grass\66.jpg,elephant,on_grass,animal
elephant\on_grass\67.jpg,elephant,on_grass,animal
elephant\on_grass\69.jpg,elephant,on_grass,animal
elephant\on_grass\7.jpg,elephant,on_grass,animal
elephant\on_grass\71.jpg,elephant,on_grass,animal
elephant\on_grass\75.jpg,elephant,on_grass,animal
elephant\on_grass\83.jpg,elephant,on_grass,animal
elephant\on_grass\85.jpg,elephant,on_grass,animal
elephant\on_grass\86.jpg,elephant,on_grass,animal
elephant\on_grass\97.jpg,elephant,on_grass,animal
elephant\on_grass\99.jpg,elephant,on_grass,animal
horse\on_grass\101.jpg,horse,on_grass,animal
horse\on_grass\109.jpg,horse,on_grass,animal
horse\on_grass\115.jpg,horse,on_grass,animal
horse\on_grass\118.jpg,horse,on_grass,animal
horse\on_grass\12.jpg,horse,on_grass,animal
horse\on_grass\122.jpg,horse,on_grass,animal
horse\on_grass\124.jpg,horse,on_grass,animal
horse\on_grass\125.jpg,horse,on_grass,animal
horse\on_grass\129.png,horse,on_grass,animal
horse\on_grass\136.jpg,horse,on_grass,animal
horse\on_grass\141.jpg,horse,on_grass,animal
horse\on_grass\142.jpg,horse,on_grass,animal
horse\on_grass\147.jpg,horse,on_grass,animal
horse\on_grass\158.jpg,horse,on_grass,animal
horse\on_grass\16.png,horse,on_grass,animal
horse\on_grass\162.jpg,horse,on_grass,animal
horse\on_grass\165.jpg,horse,on_grass,animal
horse\on_grass\17.jpg,horse,on_grass,animal
horse\on_grass\20.jpg,horse,on_grass,animal
horse\on_grass\23.jpg,horse,on_grass,animal
horse\on_grass\24.jpg,horse,on_grass,animal
horse\on_grass\27.jpg,horse,on_grass,animal
horse\on_grass\28.jpg,horse,on_grass,animal
horse\on_grass\29.jpg,horse,on_grass,animal
horse\on_grass\34.jpg,horse,on_grass,animal
horse\on_grass\38.jpg,horse,on_grass,animal
horse\on_grass\39.jpg,horse,on_grass,animal
horse\on_grass\4.jpeg,horse,on_grass,animal
horse\on_grass\44.jpg,horse,on_grass,animal
horse\on_grass\47.jpg,horse,on_grass,animal
horse\on_grass\48.jpg,horse,on_grass,animal
horse\on_grass\49.jpg,horse,on_grass,animal
horse\on_grass\55.jpg,horse,on_grass,animal
horse\on_grass\57.jpg,horse,on_grass,animal
horse\on_grass\59.jpg,horse,on_grass,animal
horse\on_grass\64.jpg,horse,on_grass,animal
horse\on_grass\67.jpg,horse,on_grass,animal
horse\on_grass\68.jpg,horse,on_grass,animal
horse\on_grass\77.jpg,horse,on_grass,animal
horse\on_grass\78.jpg,horse,on_grass,animal
horse\on_grass\79.jpg,horse,on_grass,animal
horse\on_grass\81.jpg,horse,on_grass,animal
horse\on_grass\83.png,horse,on_grass,animal
horse\on_grass\89.jpg,horse,on_grass,animal
horse\on_grass\9.jpg,horse,on_grass,animal
horse\on_grass\91.jpg,horse,on_grass,animal
horse\on_grass\93.jpg,horse,on_grass,animal
horse\on_grass\95.jpg,horse,on_grass,animal
horse\on_grass\99.jpg,horse,on_grass,animal
monkey\on_grass\1.jpg,monkey,on_grass,animal
monkey\on_grass\13.jpg,monkey,on_grass,animal
monkey\on_grass\15.jpg,monkey,on_grass,animal
monkey\on_grass\16.jpg,monkey,on_grass,animal
monkey\on_grass\17.jpg,monkey,on_grass,animal
monkey\on_grass\19.jpg,monkey,on_grass,animal
monkey\on_grass\21.jpg,monkey,on_grass,animal
monkey\on_grass\31.jpg,monkey,on_grass,animal
monkey\on_grass\32.jpg,monkey,on_grass,animal
monkey\on_grass\34.jpg,monkey,on_grass,animal
monkey\on_grass\35.jpg,monkey,on_grass,animal
monkey\on_grass\4.jpg,monkey,on_grass,animal
monkey\on_grass\40.jpg,monkey,on_grass,animal
monkey\on_grass\41.jpg,monkey,on_grass,animal
monkey\on_grass\43.jpg,monkey,on_grass,animal
monkey\on_grass\44.jpg,monkey,on_grass,animal
monkey\on_grass\50.jpg,monkey,on_grass,animal
monkey\on_grass\57.jpg,monkey,on_grass,animal
monkey\on_grass\58.jpg,monkey,on_grass,animal
monkey\on_grass\6.jpg,monkey,on_grass,animal
monkey\on_grass\61.jpg,monkey,on_grass,animal
monkey\on_grass\62.jpg,monkey,on_grass,animal
monkey\on_grass\63.jpg,monkey,on_grass,animal
monkey\on_grass\68.jpg,monkey,on_grass,animal
monkey\on_grass\73.jpg,monkey,on_grass,animal
monkey\on_grass\78.jpg,monkey,on_grass,animal
monkey\on_grass\80.jpg,monkey,on_grass,animal
monkey\on_grass\83.jpg,monkey,on_grass,animal
monkey\on_grass\85.jpg,monkey,on_grass,animal
monkey\on_grass\89.jpg,monkey,on_grass,animal
monkey\on_grass\93.jpg,monkey,on_grass,animal
monkey\on_grass\95.jpg,monkey,on_grass,animal
monkey\on_grass\96.jpg,monkey,on_grass,animal
monkey\on_grass\98.jpg,monkey,on_grass,animal
rat\on_grass\107.jpg,rat,on_grass,animal
rat\on_grass\112.jpg,rat,on_grass,animal
rat\on_grass\115.jpg,rat,on_grass,animal
rat\on_grass\118.jpg,rat,on_grass,animal
rat\on_grass\119.jpg,rat,on_grass,animal
rat\on_grass\12.jpg,rat,on_grass,animal
rat\on_grass\14.jpg,rat,on_grass,animal
rat\on_grass\16.jpg,rat,on_grass,animal
rat\on_grass\18.jpg,rat,on_grass,animal
rat\on_grass\20.jpg,rat,on_grass,animal
rat\on_grass\21.jpg,rat,on_grass,animal
rat\on_grass\26.jpg,rat,on_grass,animal
rat\on_grass\30.jpg,rat,on_grass,animal
rat\on_grass\33.jpg,rat,on_grass,animal
rat\on_grass\35.jpg,rat,on_grass,animal
rat\on_grass\37.jpg,rat,on_grass,animal
rat\on_grass\41.jpg,rat,on_grass,animal
rat\on_grass\42.jpg,rat,on_grass,animal
rat\on_grass\43.jpg,rat,on_grass,animal
rat\on_grass\44.jpg,rat,on_grass,animal
rat\on_grass\45.jpg,rat,on_grass,animal
rat\on_grass\48.jpg,rat,on_grass,animal
rat\on_grass\5.jpg,rat,on_grass,animal
rat\on_grass\53.jpg,rat,on_grass,animal
rat\on_grass\54.jpg,rat,on_grass,animal
rat\on_grass\62.jpg,rat,on_grass,animal
rat\on_grass\63.jpg,rat,on_grass,animal
rat\on_grass\65.jpg,rat,on_grass,animal
rat\on_grass\69.jpg,rat,on_grass,animal
rat\on_grass\7.jpg,rat,on_grass,animal
rat\on_grass\73.jpg,rat,on_grass,animal
rat\on_grass\75.jpg,rat,on_grass,animal
rat\on_grass\79.jpg,rat,on_grass,animal
rat\on_grass\84.jpg,rat,on_grass,animal
rat\on_grass\86.jpg,rat,on_grass,animal
rat\on_grass\92.jpg,rat,on_grass,animal
rat\on_grass\95.jpg,rat,on_grass,animal
rat\on_grass\96.jpg,rat,on_grass,animal
sheep\on_grass\1.jpg,sheep,on_grass,animal
sheep\on_grass\100.jpg,sheep,on_grass,animal
sheep\on_grass\102.png,sheep,on_grass,animal
sheep\on_grass\107.jpeg,sheep,on_grass,animal
sheep\on_grass\109.jpg,sheep,on_grass,animal
sheep\on_grass\112.jpg,sheep,on_grass,animal
sheep\on_grass\113.jpg,sheep,on_grass,animal
sheep\on_grass\115.jpg,sheep,on_grass,animal
sheep\on_grass\12.jpg,sheep,on_grass,animal
sheep\on_grass\125.jpg,sheep,on_grass,animal
sheep\on_grass\20.jpg,sheep,on_grass,animal
sheep\on_grass\23.jpg,sheep,on_grass,animal
sheep\on_grass\25.jpg,sheep,on_grass,animal
sheep\on_grass\3.jpg,sheep,on_grass,animal
sheep\on_grass\35.jpg,sheep,on_grass,animal
sheep\on_grass\37.jpg,sheep,on_grass,animal
sheep\on_grass\43.jpg,sheep,on_grass,animal
sheep\on_grass\5.jpg,sheep,on_grass,animal
sheep\on_grass\51.jpg,sheep,on_grass,animal
sheep\on_grass\52.jpg,sheep,on_grass,animal
sheep\on_grass\56.jpg,sheep,on_grass,animal
sheep\on_grass\58.jpg,sheep,on_grass,animal
sheep\on_grass\63.jpg,sheep,on_grass,animal
sheep\on_grass\64.jpg,sheep,on_grass,animal
sheep\on_grass\65.jpg,sheep,on_grass,animal
sheep\on_grass\66.jpg,sheep,on_grass,animal
sheep\on_grass\69.jpg,sheep,on_grass,animal
sheep\on_grass\71.jpg,sheep,on_grass,animal
sheep\on_grass\73.jpg,sheep,on_grass,animal
sheep\on_grass\8.jpg,sheep,on_grass,animal
sheep\on_grass\80.jpg,sheep,on_grass,animal
sheep\on_grass\88.jpg,sheep,on_grass,animal
sheep\on_grass\89.jpg,sheep,on_grass,animal
sheep\on_grass\93.jpg,sheep,on_grass,animal
sheep\on_grass\94.jpg,sheep,on_grass,animal
sheep\on_grass\97.jpg,sheep,on_grass,animal
airplane\on_grass\15.jpg,airplane,on_grass,vehicle
airplane\on_grass\34.jpg,airplane,on_grass,vehicle
bicycle\on_grass\125.jpg,bicycle,on_grass,vehicle
bicycle\on_grass\157.jpg,bicycle,on_grass,vehicle
bicycle\on_grass\160.jpg,bicycle,on_grass,vehicle
bicycle\on_grass\184.jpg,bicycle,on_grass,vehicle
bicycle\on_grass\2.jpg,bicycle,on_grass,vehicle
helicopter\on_grass\127.jpg,helicopter,on_grass,vehicle
helicopter\on_grass\143.jpg,helicopter,on_grass,vehicle
helicopter\on_grass\47.jpg,helicopter,on_grass,vehicle
helicopter\on_grass\78.jpg,helicopter,on_grass,vehicle
helicopter\on_grass\79.jpg,helicopter,on_grass,vehicle
helicopter\on_grass\85.jpg,helicopter,on_grass,vehicle
motorcycle\on_grass\23.jpg,motorcycle,on_grass,vehicle
motorcycle\on_grass\30.jpg,motorcycle,on_grass,vehicle
motorcycle\on_grass\50.jpg,motorcycle,on_grass,vehicle
motorcycle\on_grass\61.jpg,motorcycle,on_grass,vehicle
truck\on_grass\34.jpg,truck,on_grass,vehicle
truck\on_grass\43.jpg,truck,on_grass,vehicle
truck\on_grass\77.jpg,truck,on_grass,vehicle
